Date,Category,Fund,Amount,Note
2016-09-12,Insurance,Auto Insurance,649.8,Geico
2016-07-31,Food,Groceries,39.37,Sam's
2016-08-01,Food,Groceries,16.06,Aldi's
2016-08-01,Food,Groceries,36.65,Aldi's
2016-08-01,Food,Groceries,4.15,Walmart
2016-08-02,Food,Restaurants,15.83,Captain D's
2016-08-03,Insurance,Health Insurance,151.21,BCBS
2016-08-03,Food,Restaurants,4.37,Aramark
2016-08-03,Housing,First Mortgage / Rent,998.71,Rent + Pet Fee
2016-08-04,Food,Restaurants,7.65,Aramark
2016-08-04,Food,Groceries,12.51,Walmart
2016-08-05,Food,Restaurants,40,Soccer Taco
2016-08-06,Utilities,Internet,52.73,Comcast
2016-08-07,Food,Groceries,23.05,Walmart
2016-08-08,Housing,Down Payment,-60.98,Target Lamp Refund
2016-08-08,Medical / Health,Medications,19,Kroger Abreva
2016-08-08,Personal,Toiletries,8,Kroger Tampons
2016-08-08,Food,Groceries,12.03,Kroger
2016-08-08,Utilities,Phone / Mobile,20,Joy Cell Phone Darren
2016-08-08,Food,Groceries,3.27,Drinks
2016-08-08,Food,Restaurants,10.26,McDonalds
2016-08-08,Utilities,Internet,0,REPEAT
2016-08-09,Food,Groceries,9.26,Target
2016-08-09,Utilities,Electricity,54.56,KUB
2016-08-09,Transportation,Gas & Oil,20.3,Weigels
2016-08-09,Food,Groceries,7.79,Sams Club
2016-08-09,Transportation,Gas & Oil,23.11,Kroger
2016-08-09,Food,Groceries,-17.94,Sam's Book Return
2016-08-10,Food,Groceries,10.05,Walmart
2016-08-10,Personal,Gifts (Including Christmas),45.72,Present
2016-08-10,Personal,Gifts (Including Christmas),21.95,Present
2016-08-11,Personal,Education / Tuition,16.91,AbeBooks
2016-08-11,Personal,Gifts (Including Christmas),51.92,ALDI - Darrens BDay
2016-08-11,Housing,Down Payment,9,Kroger - Pillow Cases
2016-08-11,Personal,Gifts (Including Christmas),17.65,Kroger - Darren BDay
2016-08-12,Food,Restaurants,18.54,China Lee
2016-08-13,Personal,Toiletries,15.45,Walmart - Paper towels
2016-08-13,Personal,Pocket Money (His),-25,Grandma Linda
2016-08-14,Food,Groceries,1.91,Walmart
2016-08-14,Personal,Pocket Money (His),-40,Grandma Pat
2016-08-15,Food,Restaurants,10.8,Hibachi Grill
2016-08-15,Personal,Gifts (Including Christmas),15.07,ALDI - Justins Bday
2016-08-15,Food,Restaurants,11.29,IHOP
2016-08-15,Housing,Down Payment,188,UT Parking
2016-08-16,Transportation,Gas & Oil,24.63,Gas in Georgia
2016-08-17,Food,Restaurants,7.34,Twin Peaks
2016-08-18,Food,Restaurants,6.42,Mooyah
2016-08-18,Food,Restaurants,6.42,Mooyah - Darren
2016-08-19,Food,Groceries,8.71,Walmart
2016-08-19,Food,Groceries,28.34,ALDI
2016-08-22,Food,Restaurants,35.59,Pelanchos Mexican
2016-08-22,Food,Groceries,48.36,ALDI
2016-08-22,Food,Groceries,21.4,Kroger
2016-08-23,Transportation,Gas & Oil,22,Pilot
2016-08-24,Food,Groceries,8.71,Walmart
2016-08-25,Food,Restaurants,14.25,Twisted Mikes
2016-08-26,Food,Groceries,3.93,Aldi
2016-08-26,Personal,Pocket Money (Hers),30,Max Nail Salon
2016-08-26,Food,Restaurants,19.39,Barleys
2016-08-28,Personal,Pocket Money (His),2.55,Walmart
2016-08-29,Transportation,Gas & Oil,22.85,Gas for Georgia
2016-08-29,Food,Restaurants,8.26,Taco Bell
2016-08-29,Personal,Pocket Money (Hers),34.73,Forever 21
2016-08-29,Debts,Student Loan 1,13.11,Navi
2016-08-30,Transportation,Repairs & Tires,215.02,Kauffman Tire
2016-08-31,Food,Restaurants,0.67,Viva Mexico Mexican
2016-08-31,Transportation,Gas & Oil,18.82,Gas in Georgia
2016-09-01,Transportation,Car Wash,35.12,Simoniz car wash
2016-09-01,Transportation,Car Wash,25.12,Simoniz car wash
2016-09-01,Personal,Pet Supplies,13,Walmart Cat Litter
2016-09-02,Personal,Toiletries,10,Walmart Hand Soap & TP
2016-09-02,Housing,First Mortgage / Rent,877,Rent
2016-09-02,Housing,Down Payment,150,Pet Deposit
2016-09-03,Personal,Toiletries,9.46,Walmart Food and Coffee
2016-09-03,Food,Groceries,73.4,ALDI
2016-09-04,Clothing,Jamie,31.45,BananaRepublic
2016-09-06,Food,Groceries,13.1,Grapefruit
2016-09-06,Food,Restaurants,26.42,Chaiyos
2016-09-06,Insurance,Health Insurance,151.21,BCBS
2016-09-07,Utilities,Electricity,81.96,KUB
2016-09-07,Utilities,Water,75.46,WKUD
2016-09-07,Transportation,Gas & Oil,19.4,Sams Club
2016-09-08,Utilities,Internet,52.73,Comcast
2016-09-08,Food,Groceries,10.7,ALDI - Bagles and veggies
2016-09-08,Transportation,Gas & Oil,24.24,Gas - Georgia
2016-09-08,Transportation,Gas & Oil,24.24,Kroger - Gas
2016-09-09,Medical / Health,Medications,2.82,Sinus Medicine
2016-09-09,Food,Groceries,5.28,Walmart - Oreos?
2016-09-12,Food,Restaurants,8.34,Chic Fil A - COTC
2016-09-12,Transportation,Gas & Oil,18.5,Gas - Georgia
2016-09-12,Food,Groceries,4.65,Soup
2016-09-12,Food,Restaurants,16.19,Asia Kitchen
2016-09-13,Food,Restaurants,7.65,Panda Express
2016-09-16,Food,Restaurants,3.88,Chic Fil A - UTK
2016-09-17,Food,Groceries,2.15,Walmart
2016-09-17,Food,Groceries,4.55,Walmart - Ice Cream
2016-09-19,Debts,2014 Kia Soul,262.47,Silver Soul
2016-09-19,Personal,Pocket Money (Hers),49.21,Target - clothes and boots
2016-09-19,Personal,Pet Supplies,14.93,Cat Food
2016-09-19,Food,Groceries,66.01,ALDI
2016-09-19,Food,Restaurants,15.68,Pelanchos
2016-09-19,Food,Restaurants,16,El Burro Flojo
2016-09-21,Food,Restaurants,12.42,BWW
2016-09-21,Personal,Pocket Money (His),39.78,Amazon - Dogs of War
2016-09-22,Clothing,Jamie,15.56,Target - green shirt
2016-09-23,Food,Restaurants,26.11,Asia Kitchen
2016-09-23,Transportation,Gas & Oil,20.87,Kroger - Gas
2016-09-23,Transportation,Gas & Oil,20.85,Sam's Club - Gas?
2016-09-23,Food,Groceries,12.89,Walmart - Roast
2016-09-26,Transportation,Gas & Oil,6.98,QuikTrip - Georgia Gas
2016-09-26,Food,Restaurants,5.47,McDonalds
2016-09-26,Housing,Down Payment,31.11,Target - Replacement Shirts
2016-09-27,Food,Restaurants,13,Moes
2016-09-27,Medical / Health,Doctor Bills,108.9,Atlanta Dermatology
2016-09-30,Utilities,Phone / Mobile,60,Phone Cindy
2016-09-30,Food,Groceries,20.37,Walmart Odds and Ins
2016-09-30,Personal,Pocket Money (Hers),4.06,Walmart Face Masks and Tea
2016-09-30,Recreational,Entertainment,20.08,Kroger - Cheer Jamie Up Crying
2016-09-30,Personal,Pocket Money (His),10,Darren Cash
2016-09-30,Housing,Down Payment,88.47,MISC THINGS ON CREDIT CARD JULY NOT ACCOUNTED FOR
2016-10-01,Food,Restaurants,48,Red Lobster
2016-10-01,Food,Groceries,17.44,Walmart
2016-10-03,Housing,First Mortgage / Rent,877,Rent
2016-10-03,Housing,Down Payment,150,Pet Fee
2016-10-03,Utilities,Internet,52.73,Comcast
2016-10-03,Utilities,Water,66.89,Water Bill
2016-10-04,Recreational,Vacation,821.22,Tickets to Idaho
2016-10-04,Food,Restaurants,10.9,Publix Sub
2016-10-05,Insurance,Health Insurance,151.21,BCBS
2016-10-05,Recreational,Entertainment,1.08,Kroger
2016-10-05,Transportation,Gas & Oil,25.95,Kroger
2016-10-05,Food,Groceries,59.76,ALDI
2016-10-06,Personal,Pocket Money (His),11.96,CMON INC
2016-10-06,Food,Restaurants,6.44,Bojangles Kennesaw
2016-10-06,Food,Groceries,12.47,Kroger
2016-10-06,Recreational,Entertainment,5,Trailhead
2016-10-06,Recreational,Entertainment,8.4,Alliance
2016-10-07,Recreational,Entertainment,9.19,The Hill
2016-10-09,Food,Groceries,2.14,Kroger
2016-10-11,Utilities,Electricity,91.13,KUB
2016-10-11,Transportation,Gas & Oil,18.12,QT Acworth
2016-10-11,Food,Groceries,4.16,Walmart - Knoxville
2016-10-11,Food,Restaurants,2.93,McDonald's
2016-10-12,Personal,Cosmetics / Hair Care,20.33,WALMART TRIP TOTAL 60.33 10/12
2016-10-12,Food,Groceries,22,WALMART TRIP TOTAL 60.33 10/12
2016-10-12,Personal,Toiletries,18,WALMART TRIP TOTAL 60.33 10/12
2016-10-12,Transportation,Gas & Oil,20.72,SAMS
2016-10-13,Food,Restaurants,24.28,Soccer Taco
2016-10-14,Transportation,Gas & Oil,21.14,Cartersville
2016-10-14,Personal,Pocket Money (His),80,RIOTGAMES
2016-10-17,Food,Restaurants,3.4,Chick Fil A Cartersville
2016-10-17,Food,Groceries,15.22,Kroger
2016-10-17,Personal,Cosmetics / Hair Care,8.63,Target - Hiram - Face strips
2016-10-17,Food,Restaurants,5.1,Waffle House
2016-10-18,Debts,2014 Kia Soul,262.47,Kia 2014
2016-10-18,Food,Groceries,83.17,ALDI
2016-10-18,Food,Restaurants,2.6,Wendy's
2016-10-18,Personal,Pocket Money (Hers),26.21,Lucky Brand
2016-10-18,Clothing,Jamie,10.6,Forever 21
2016-10-19,Food,Restaurants,3.82,UTK
2016-10-19,Food,Groceries,8.22,Sunrise Supermarket
2016-10-19,Food,Groceries,4.98,Kichi
2016-10-20,Food,Groceries,26.48,Kroger
2016-10-21,Recreational,Entertainment,43,Clancy's - Mig and Britt
2016-10-21,Personal,Pocket Money (Hers),12.99,RING
2016-10-24,Transportation,Gas & Oil,20.79,Sams Gas
2016-10-24,Food,Restaurants,11.38,Casual Pint
2016-10-24,Food,Restaurants,14.55,Soccer Taco
2016-10-24,Food,Restaurants,2.66,Longhorn - Grandma
2016-10-24,Food,Groceries,3.08,ALDI
2016-10-24,Food,Groceries,4,Walmart
2016-10-24,Transportation,Gas & Oil,20,SHELL
2016-10-25,Food,Restaurants,5.08,Dunkin Donuts
2016-10-25,Food,Groceries,9.66,Kroger
2016-10-25,Clothing,Jamie,32.76,Lucky Brand
2016-10-29,Food,Groceries,37.84,ALDI
2016-10-29,Food,Groceries,2.06,Kroger
2016-10-31,Food,Restaurants,18.32,Pelanchos
2016-10-31,Food,Restaurants,15,Waffle House
2016-10-31,Recreational,Entertainment,27.56,Middlebrook
2016-10-31,Recreational,Entertainment,6.8,Walmart B Cherries and Sprite
2016-10-31,Utilities,Phone / Mobile,60,Cell Phones Cindy
2016-10-31,Food,Groceries,4.83,Walmart C dr pepper
2016-10-31,Personal,Pet Supplies,13,Walmart B Cat Litter
2016-10-31,Personal,Cosmetics / Hair Care,7,Walmart C Biotin
2016-10-31,Recreational,Entertainment,15,Halloween Candy
2016-11-01,Insurance,Health Insurance,151.21,BCBS
2016-11-01,Utilities,Phone / Mobile,60,Phones
2016-11-01,Utilities,Water,66.89,Water
2016-11-01,Food,Restaurants,12.01,Marcos Pizza
2016-11-02,Food,Restaurants,3.9,Wendys
2016-11-03,Food,Groceries,73.79,ALDI
2016-11-03,Recreational,Entertainment,23.7,Fandango - Dr Strange
2016-11-04,Food,Restaurants,26.14,Hibachi Grill
2016-11-06,Housing,Down Payment,431.08,Amazon Desks
2016-11-06,Housing,First Mortgage / Rent,877,Rent
2016-11-06,Recreational,Entertainment,13.99,Wynnsong 16 - Carmike ICEE and Popcorn
2016-11-07,Utilities,Electricity,69.46,KUB - Electricity
2016-11-07,Food,Restaurants,7.19,Pilot
2016-11-07,Food,Groceries,15.64,Sams Club - Burgers
2016-11-07,Food,Groceries,2.49,Sams Club - ICEE and Ice Cream
2016-11-07,Personal,Pocket Money (Hers),6.53,Walmart - Watch Battery
2016-11-07,Food,Groceries,29.02,Walmart - Groceries ?
2016-11-07,Personal,Toiletries,3,Walmart - Bleach Cleaner
2016-11-07,Transportation,Gas & Oil,20.19,Sams Gas
2016-11-07,Food,Restaurants,20,Pelanchos
2016-11-12,Food,Groceries,8.47,Walmart
2016-11-12,Personal,Pet Supplies,13,Walmart - Cat Litter
2016-11-13,Food,Restaurants,16.41,Pelanchos
2016-11-14,Transportation,Gas & Oil,20.9,Pilot
2016-11-14,Clothing,Jamie,27.29,TJMAXX
2016-11-14,Clothing,Jamie,23.21,Lucky Brand
2016-11-14,Food,Restaurants,12.43,Waffle House
2016-11-16,Food,Restaurants,7,Mexican - With Michael
2016-11-17,Food,Restaurants,24,Zaxbys
2016-11-17,Food,Restaurants,10.91,Zaxbys
2016-11-17,Food,Restaurants,-7.09,Zaxbys
2016-11-17,Food,Restaurants,-7.09,Zaxbys
2016-11-18,Personal,Gifts (Including Christmas),95.2,BellaBeat
2016-11-18,Food,Groceries,33.13,Walmart
2016-11-20,Personal,Gifts (Including Christmas),8.88,Amazon
2016-11-21,Food,Groceries,8.52,Walmart
2016-11-21,Debts,2014 Kia Soul,"2,477.57",2014 Kia Soul
2016-11-21,Food,Groceries,17.8,Walmart
2016-11-21,Food,Restaurants,23.73,Hacienda Degollado
2016-11-21,Food,Restaurants,7.49,Starbucks
2016-11-21,Food,Restaurants,8.89,Fannies Corner Kitchen
2016-11-21,Personal,Gifts (Including Christmas),8.88,Amazon
2016-11-22,Medical / Health,Doctor Bills,35,Tennova Primary Care
2016-11-22,Transportation,Gas & Oil,17.05,Pilot
2016-11-22,Transportation,Gas & Oil,19.14,Sams Club
2016-11-22,Food,Restaurants,8.72,Waffle House
2016-11-22,Medical / Health,Medications,30,Kroger Pharmacy
2016-11-22,Personal,Gifts (Including Christmas),9.48,Amazon
2016-11-23,Food,Restaurants,10.68,McDonalds
2016-11-23,Medical / Health,Doctor Bills,42,UT Doctor - Darren Shot
2016-11-23,Food,Groceries,70.25,ALDI
2016-11-24,Food,Restaurants,16,Ole Smokey
2016-11-24,Personal,Gifts (Including Christmas),7.19,Amazon
2016-11-25,Personal,Gifts (Including Christmas),6.57,New York and Co
2016-11-25,Clothing,Jamie,13.45,Lucky Brand
2016-11-25,Clothing,Jamie,49.33,Aerie - PJ Pants
2016-11-25,Medical / Health,Medications,3.23,Walmart
2016-11-25,Clothing,Darren,79.56,Banana Republic
2016-11-25,Clothing,Jamie,27.91,Banana Republic
2016-11-25,Food,Restaurants,18.81,Aramark - Campus Buffett
2016-11-25,Food,Restaurants,2.19,McDonalds
2016-11-25,Clothing,Jamie,7.2,Banana Republic
2016-11-25,Clothing,Darren,29.92,Banana Republic
2016-11-25,Clothing,Jamie,20.15,Banana Republic
2016-11-25,Food,Restaurants,26,TGI Fridays
2016-11-25,Recreational,Entertainment,4,Parking
2016-11-25,Personal,Pet Supplies,8.73,Amazon
2016-11-26,Food,Restaurants,36,Olive Garden
2016-11-26,Food,Groceries,1.5,Dr. Pepper
2016-11-26,Personal,Gifts (Including Christmas),15.45,Amazon
2016-11-27,Food,Restaurants,5,Tip
2016-11-27,Personal,Gifts (Including Christmas),12.19,Amazon
2016-11-28,Personal,Gifts (Including Christmas),9.94,Earthbound - Elephant Mug Lauren
2016-11-28,Personal,Books / Supplies,11.78,Quantum Book
2016-11-28,Housing,Down Payment,47.15,Target
2016-11-29,Personal,Books / Supplies,23.44,Book and Expo
2016-11-29,Personal,Gifts (Including Christmas),8.16,Wish
2016-11-30,Personal,Cosmetics / Hair Care,6,Facewash
2016-11-30,Transportation,Gas & Oil,13.17,Kroger
2016-12-01,Food,Groceries,13.68,Walmart
2016-12-02,Housing,First Mortgage / Rent,877,Pinnacle
2016-12-02,Food,Groceries,10.91,Kroger
2016-12-05,Food,Restaurants,1.81,QT - Coffee
2016-12-05,Transportation,Gas & Oil,12.76,QT - Gas in GA
2016-12-05,Food,Restaurants,1.79,QT - Coffee
2016-12-05,Utilities,Internet,5.46,Comcast
2016-12-05,Insurance,Health Insurance,151.21,BCBS
2016-12-05,Food,Groceries,18.56,ALDI
2016-12-06,Personal,Gifts (Including Christmas),3.72,TheGrommet
2016-12-06,Personal,Gifts (Including Christmas),25.1,Amazon
2016-12-06,Medical / Health,Medications,7.48,Amazon
2016-12-06,Personal,Gifts (Including Christmas),34.88,Amazon
2016-12-06,Food,Restaurants,30,Knoxville Ale House
2016-12-06,Utilities,Electricity,66.95,Knox Util Board
2016-12-06,Transportation,Gas & Oil,20.54,Sams Club
2016-12-07,Personal,Gifts (Including Christmas),8.73,TJMAXX
2016-12-07,Food,Groceries,8.58,Kroger
2016-12-08,Personal,Cosmetics / Hair Care,17.65,Salon Centric
2016-12-08,Housing,Down Payment,38.05,Walmart
2016-12-08,Personal,Gifts (Including Christmas),8.5,Amazon
2016-12-09,Utilities,Water,64.86,West Knox Utility District
2016-12-09,Transportation,Gas & Oil,22.1,Kroger
2016-12-09,Recreational,Entertainment,10.7,Middlebrook
2016-12-11,Recreational,Vacation,11.5,Amazon
2016-12-11,Transportation,Gas & Oil,12.2,Sams Club
2016-12-12,Food,Groceries,26.13,ALDI
2016-12-12,Debts,2014 Kia Soul,262.47,PNC
2016-12-12,Food,Restaurants,15.3,KFC
2016-12-13,Transportation,Repairs & Tires,11.22,NAPA
2016-12-13,Transportation,Gas & Oil,27.09,Kroger
2016-12-14,Transportation,Repairs & Tires,4.82,NAPA
2016-12-15,Personal,Gifts (Including Christmas),24.98,Amazon
2016-12-15,Food,Restaurants,12.91,Dave Poe
2016-12-15,Food,Restaurants,6.35,Publix
2016-12-15,Food,Restaurants,6.31,Dave Poes
2016-12-16,Personal,Gifts (Including Christmas),4.06,Target
2016-12-17,Personal,Gifts (Including Christmas),6.5,Amazon
2016-12-18,Personal,Gifts (Including Christmas),35.8,Amazon
2016-12-18,Personal,Gifts (Including Christmas),50.85,Raven's Nest
2016-12-18,Food,Restaurants,8.13,Shell
2016-12-18,Recreational,Entertainment,17.98,Sherlocks
2016-12-18,Food,Restaurants,4.4,Starbucks
2016-12-18,Food,Restaurants,4.4,Starbucks
2016-12-19,Recreational,Vacation,25,United
2016-12-19,Medical / Health,Medications,37.25,Walmart
2016-12-19,Clothing,Jamie,10.97,Target
2016-12-19,Clothing,Jamie,10.97,Target
2016-12-19,Personal,Pet Supplies,15.38,Target
2016-12-19,Food,Restaurants,12.26,Colombo Yogurt - Denver
2016-12-19,Food,Restaurants,11.81,Sansalvador Bake
2016-12-19,Transportation,Gas & Oil,16.43,Phillips 66
2016-12-19,Recreational,Vacation,100.14,Avis Rent A Car
2016-12-20,Transportation,Gas & Oil,28.39,Anderson Speedi
2016-12-21,Personal,Gifts (Including Christmas),37.24,Walmart
2016-12-22,Food,Restaurants,3.59,McDonalds
2016-12-23,Personal,Gifts (Including Christmas),34.52,Target
2016-12-23,Personal,Gifts (Including Christmas),32.94,Amazon
2016-12-27,Personal,Gifts (Including Christmas),3.25,Amazon
2016-12-28,Recreational,Entertainment,2,Fandango
2016-12-28,Personal,Gifts (Including Christmas),81.09,Amazon
2016-12-28,Recreational,Entertainment,5.3,Edwards
2016-12-28,Recreational,Entertainment,9.11,Edwards
2016-12-28,Recreational,Entertainment,10,Paypal
2016-12-29,Food,Groceries,5.25,Walmart
2016-12-30,Food,Restaurants,28.8,Cafe Rio
2016-12-30,Medical / Health,Medications,4,Walmart - Prozac
2016-12-30,Food,Groceries,7,Walmart - Black Eyed Peas and Collards
2016-12-31,Utilities,Phone / Mobile,120,To Cindy - Cell phones
2017-01-01,Food,Restaurants,13.74,Arctic Circle
2017-01-02,Food,Groceries,17.98,Walmart - Party Stuff
2017-01-03,Recreational,Entertainment,3.18,Redbox
2017-01-03,Housing,Rent,877,Rent
2017-01-04,Personal,Gifts (Including Christmas),42.52,Tommy Vaughns Grill
2017-01-05,Insurance,Health Insurance,189.6,Bluecross
2017-01-05,Medical / Health,Medications,24.99,Medications
2017-01-05,Utilities,Internet,52.73,Comcast
2017-01-06,Transportation,Gas & Oil,25.99,Racetrac
2017-01-06,Food,Restaurants,6.35,Publix
2017-01-08,Food,Restaurants,35,Denver Airport
2017-01-09,Utilities,Electricity,71.53,Knox Util Board
2017-01-09,Food,Groceries,103,Aldi
2017-01-09,Transportation,Gas & Oil,23.96,Sams Club
2017-01-09,Utilities,Water,2.5,West Knox Utility
2017-01-09,Utilities,Water,59.8,West Knox Utility
2017-01-09,Recreational,Vacation,25,United - Checked Bags
2017-01-09,Food,Groceries,27.26,Walmart
2017-01-10,Recreational,Netflix,78,Netflix through Dec2017
2017-01-10,Food,Groceries,27.97,Walmart
2017-01-10,Food,Groceries,29.13,Sam's Club
2017-01-10,Food,Restaurants,1.08,Sam's Club
2017-01-10,Medical / Health,Optometrist,45,Vision Precision Holdings
2017-01-10,Food,Restaurants,27.73,Chaiyos
2017-01-10,Recreational,Weddings,489,Air BnB
2017-01-10,Recreational,Weddings,170,BachParty - to Curtis
2017-01-11,Personal,Pocket Money (Darren),14.75,Kroger
2017-01-11,Recreational,Entertainment,5,Usa Usa Sweet Amandas
2017-01-11,Saving,College Fund,"1,010.00",Student Fees
2017-01-11,Medical / Health,Optometrist,150,Stanton Optical
2017-01-11,Housing,Down Payment,179.73,"Walmart - Pots, Heater"
2017-01-12,Recreational,Entertainment,2,Paypal - Movies
2017-01-12,Recreational,Entertainment,2,Paypal - Movies
2017-01-12,Food,Restaurants,18.53,Charley's Subs
2017-01-12,Transportation,Repairs & Tires,21.84,Valvoline - 2014 Car
2017-01-12,Personal,Books / Supplies,17.25,Abebooks
2017-01-12,Food,Groceries,30.15,Kroger
2017-01-12,Housing,Down Payment,635.99,Camera
2017-01-13,Personal,Cosmetics / Hair Care,22.98,Amazon
2017-01-14,Food,Restaurants,44,Soccer Taco
2017-01-14,Personal,Cosmetics / Hair Care,5.99,Amazon
2017-01-15,Food,Groceries,9.89,Walmart
2017-01-17,Food,Restaurants,14.41,Nick J S Cafe
2017-01-17,Debts,2014 Kia Soul,"2,015.47",Car
2017-01-19,Food,Restaurants,11.62,Huey Lueys
2017-01-19,Transportation,Gas & Oil,27.19,Gas 2014 Kia
2017-01-20,Food,Groceries,63.78,Walmart - Food and Vitamins
2017-01-20,Food,Restaurants,4.89,McDonalds
2017-01-21,Housing,Down Payment,22.97,Walmart Swiffer
2017-01-21,Housing,Down Payment,21.84,Amazon
2017-01-21,Personal,Pocket Money (Jamie),16.33,Amazon
2017-01-21,Recreational,Weddings,3.87,Amazon
2017-01-21,Saving,College Fund,12.65,Walmart
2017-01-22,Personal,Pocket Money (Jamie),15,Pioneer Woman Glasses and Blue Bottle for Darren
2017-01-22,Food,Restaurants,7.65,Subway
2017-01-22,Recreational,Weddings,7.12,Amazon
2017-01-23,Transportation,Gas & Oil,21.07,Sams - Gas
2017-01-23,Food,Restaurants,21.04,Mexican Food
2017-01-23,Food,Restaurants,3.39,Chick-fil-a
2017-01-24,Personal,Pocket Money (Darren),114.91,CSI
2017-01-25,Saving,College Fund,205,GRE
2017-01-25,Personal,Pocket Money (Jamie),1.19,Amazon
2017-01-27,Clothing,Jamie (Clothing),72.29,American Eagle
2017-01-27,Transportation,Repairs & Tires,89.55,2011 Kia Soul
2017-01-28,Recreational,Weddings,30,Dress
2017-01-28,Food,Restaurants,15,Pizza - Cash
2017-01-29,Recreational,Audible,14.95,
2017-01-30,Food,Groceries,2.68,Doritos
2017-01-30,Transportation,Gas & Oil,14.67,Gas 2014 Kia
2017-01-30,Personal,Gifts (Including Christmas),13.99,Grandma's ring
2017-01-30,Food,Groceries,109.12,Aldi
2017-01-31,Saving,College Fund,19.48,Weigels
2017-01-31,Personal,Gifts (Including Christmas),41.58,Gifts
2017-02-01,Personal,Pocket Money (Darren),22,Carcassonne
2017-02-02,Personal,Gifts (Including Christmas),18.38,Publix
2017-02-02,Housing,Rent,877,Pinnacle
2017-02-03,Food,Groceries,2.04,Target
2017-02-03,Food,Restaurants,31.5,Chaiyos
2017-02-04,Food,Groceries,38.22,Walmart Total 42.22
2017-02-04,Personal,Pocket Money (Jamie),4,Walmart Total 42.22
2017-02-04,Personal,Pocket Money (Jamie),21.82,TJ Maxx
2017-02-04,Medical / Health,Medications,4,Walmart
2017-02-05,Personal,Pet Supplies,20.55,Kroger
2017-02-05,Personal,Pocket Money (Darren),7.65,Kroger
2017-02-05,Recreational,Entertainment,20.75,Sams party Store
2017-02-06,Utilities,Internet,54.85,Comcast
2017-02-06,Food,Restaurants,21,Pelanchos
2017-02-06,Personal,Pocket Money (Jamie),22.51,Salon Centric
2017-02-07,Utilities,Electricity,50.69,Knox Utilities
2017-02-07,Personal,Pocket Money (Darren),166.28,Paypal to CSI
2017-02-07,Utilities,Water,51.16,West Knox Uitilities
2017-02-08,Transportation,Gas & Oil,20.78,Sams Club
2017-02-08,Food,Groceries,14.2,Walmart
2017-02-08,Personal,Pet Supplies,19,Walmart - Litter & Toys
2017-02-08,Housing,Down Payment,18.36,"Coasters, Butter Dish, Valentines"
2017-02-08,Saving,College Fund,60,UT Grad App
2017-02-09,Personal,Gifts (Including Christmas),32.14,Amazon
2017-02-10,Debts,2014 Kia Soul,"3,939.83",
2017-02-10,Transportation,License & Taxes,71,Registration TN 2011
2017-02-10,Personal,Gifts (Including Christmas),1.47,USPS Stamps
2017-02-10,Personal,Gifts (Including Christmas),4.9,USPS Stamps
2017-02-10,Personal,Gifts (Including Christmas),36.86,Amazon
2017-02-11,Food,Restaurants,16.99,Zaxby's
2017-02-12,Personal,Pocket Money (Jamie),122.55,Cash - Jamie - Clothes - BR
2017-02-13,Food,Groceries,5.46,Walmart
2017-02-13,Food,Restaurants,11.94,Subway
2017-02-13,Food,Groceries,33.53,Kroger
2017-02-13,Food,Groceries,80.19,Aldi
2017-02-13,Personal,Cosmetics / Hair Care,25.25,Cash - Cosmoprof
2017-02-14,Food,Restaurants,6.64,McDonalds
2017-02-14,Food,Groceries,5.54,Walmart AA pt 2
2017-02-15,Food,Groceries,6.13,Walmart
2017-02-15,Personal,Gifts (Including Christmas),17.76,Shutterfly
2017-02-15,Personal,Miscellaneous,30,To lauren - shipping charger
2017-02-15,Saving,College Fund,11.93,Walmart
2017-02-16,Food,Restaurants,6.56,Subway
2017-02-16,Saving,College Fund,20,Pizza
2017-02-17,Personal,Pocket Money (Jamie),-100,
2017-02-18,Clothing,Darren (Clothing),52.65,Banana Republic
2017-02-18,Food,Restaurants,43.7,Ober Restaurant
2017-02-18,Personal,Gifts (Including Christmas),21.04,OshKosh
2017-02-18,Clothing,Jamie (Clothing),21.95,Lucky
2017-02-18,Transportation,Gas & Oil,25.41,Gas 2014
2017-02-18,Personal,Pocket Money (Darren),-100,
2017-02-19,Debts,2014 Kia Soul,-859.22,
2017-02-20,Debts,2014 Kia Soul,"-1,849.00",
2017-02-21,Recreational,Entertainment,17.48,Sir Goony's
2017-02-21,Personal,Pocket Money (Jamie),40.07,Famous Footwear
2017-02-21,Debts,2014 Kia Soul,-177,
2017-02-22,Medical / Health,Medications,4,Walmart
2017-02-22,Personal,Pocket Money (Jamie),8.36,Walmart AA pt 1
2017-02-22,Debts,2014 Kia Soul,-189.58,
2017-02-23,Transportation,Gas & Oil,21.46,Gas 2011
2017-02-23,Personal,Pocket Money (Darren),3.27,Itunes
2017-02-23,Medical / Health,Doctor Bills,35,Doctor Co-pay
2017-02-23,Recreational,Weddings,-210,
2017-02-24,Food,Restaurants,42.48,Pelanchos
2017-02-24,Food,Restaurants,5.67,Dunkin Donuts
2017-02-24,Transportation,Gas & Oil,22.98,Gas 2014
2017-02-24,Recreational,Entertainment,5,Cash - Parking
2017-02-24,Food,Restaurants,20,Cash - Olive Garden
2017-02-26,Charity,Tithes,5,ThePoint Church
2017-02-27,Food,Restaurants,6.5,Ray's Place
2017-02-27,Personal,Pocket Money (Jamie),16.46,American Eagle
2017-02-28,Food,Restaurants,28,Chaiyos
2017-02-28,Food,Restaurants,6.17,Waffle House
2017-02-28,,,,
2017-02-28,Saving,College Fund,14.95,Audible
2017-02-28,Saving,College Fund,100.13,Aldi
2017-03-01,Food,Groceries,3.48,Kroger
2017-03-02,Utilities,Phone / Mobile,120,Cell to Mom
2017-03-02,Personal,Gifts (Including Christmas),9.99,Blanket to Joy M
2017-03-02,Personal,Cosmetics / Hair Care,37.11,Amazon - Makeup
2017-03-02,Housing,Rent,877,Rent
2017-03-05,Medical / Health,Medications,9.42,CIGNA - Prozac (March-May)
2017-03-05,Food,Restaurants,11,Casual Pint
2017-03-05,Food,Restaurants,10.65,Double Dogs
2017-03-06,Food,Restaurants,4.13,Panera
2017-03-06,Food,Restaurants,30.57,Stir Fry Cafe
2017-03-06,Medical / Health,Medications,30,CIGNA - Valtrex (March-May)
2017-03-06,Utilities,Internet,54.85,Comcast
2017-03-06,Insurance,Auto Insurance,366.53,Geico
2017-03-06,Food,Restaurants,2.72,McDonalds - Ice Cream
2017-03-06,Personal,Pet Supplies,14,Walmart - Litter
2017-03-06,Food,Groceries,7.7,Walmart - Litter
2017-03-07,Transportation,License & Taxes,71,Knox County Clerk
2017-03-07,Utilities,Water,64.4,Water
2017-03-07,Transportation,Gas & Oil,20,Weigels
2017-03-07,Personal,Pocket Money (Jamie),1.99,iTunes
2017-03-07,Saving,College Fund,1,Parking meter
2017-03-08,Transportation,Gas & Oil,21.43,Sams
2017-03-08,Utilities,Electricity,83.94,Electricity
2017-03-09,Food,Restaurants,12,Cook Out
2017-03-10,Food,Groceries,18.87,ALDI
2017-03-10,Food,Restaurants,2.72,McDonalds - Ice Cream
2017-03-12,Personal,Pocket Money (Jamie),45.65,Banana Republic
2017-03-12,Personal,Pocket Money (Jamie),9.55,Lucky Brand
2017-03-12,Saving,College Fund,3.24,Sams
2017-03-13,Personal,Pocket Money (Jamie),42.89,Target - Shoes and Wallet
2017-03-13,Food,Groceries,61.91,Middlebrook
2017-03-13,Food,Restaurants,27.52,Asia Kitchen
2017-03-14,Food,Groceries,10.64,Kroger
2017-03-14,Food,Groceries,105.68,ALDI
2017-03-14,Saving,College Fund,38.6,
2017-03-16,Food,Groceries,35.15,Walmart
2017-03-16,Food,Restaurants,17.5,Pelanchos
2017-03-16,Saving,College Fund,35.15,Walmart
2017-03-17,Recreational,Entertainment,22.86,Kroger - St Patricks
2017-03-20,Medical / Health,Medications,24.47,Sams Club - Vitamins
2017-03-20,Medical / Health,Doctor Bills,35,Tennova - Strep Test Jamie
2017-03-20,Medical / Health,Medications,19.28,Walmart - Vitamin and Medicine
2017-03-21,Food,Restaurants,3.92,McDonalds
2017-03-21,Food,Restaurants,1.9,McDonalds
2017-03-22,Transportation,Gas & Oil,21.12,Kroger - Gas
2017-03-22,,,25.06,Kroger - Medicine for GMA
2017-03-22,,,-25,GMA paid back in cash
2017-03-22,Personal,Cosmetics / Hair Care,6,Mascara for Jamie
2017-03-22,Recreational,Entertainment,6,Fandango - Beauty and the Beast
2017-03-22,Medical / Health,Dentist,350,Invisalign
2017-03-22,Saving,Emergency Fund,"2,150.00",Invisalign
2017-03-23,Food,Groceries,11.82,Walmart
2017-03-23,Personal,Pocket Money (Jamie),-32.48,Famous Footwear Return
2017-03-24,Food,Restaurants,2.16,Dunkin
2017-03-24,Transportation,Gas & Oil,23.64,Pilot
2017-03-26,Food,Restaurants,4.67,Wendy's (Pilot)
2017-03-26,Personal,Miscellaneous,25.43,Walmart - Total 39.43
2017-03-26,Recreational,Entertainment,16.37,Kroger
2017-03-26,Food,Restaurants,5.46,Little Caesars
2017-03-26,Personal,Pet Supplies,14,Walmart - Total 39.43
2017-03-27,Clothing,Jamie (Clothing),47.37,BR
2017-03-27,Clothing,Jamie (Clothing),8.64,BR
2017-03-27,Clothing,Darren (Clothing),9,BR
2017-03-27,Food,Restaurants,8.61,McDonalds
2017-03-27,Food,Restaurants,1.09,Dunkin
2017-03-27,Food,Restaurants,1.42,Wendy's
2017-03-27,Food,Restaurants,31.22,Stock and Barrel
2017-03-28,Recreational,Entertainment,11,Sierra Nevada
2017-03-29,Recreational,Audible,14.95,Audible
2017-03-29,Personal,Miscellaneous,16.85,Walmart - hangers
2017-03-29,Personal,Miscellaneous,43.57,Walmart - headphones
2017-03-30,Food,Restaurants,14.05,University of TN Aramark
2017-04-01,Transportation,Gas & Oil,24.18,Pilot Travel Centers
2017-04-01,Personal,Gifts (Including Christmas),8.63,Wal-Mart
2017-04-02,Personal,Gifts (Including Christmas),27,Babalu
2017-04-02,Food,Restaurants,5.45,Cook out
2017-04-03,Recreational,Entertainment,32.76,Knoxville Package
2017-04-03,Housing,Rent,877,Rent
2017-04-04,Food,Restaurants,13,Waffle House
2017-04-04,Food,Groceries,3.85,Kroger
2017-04-04,Personal,Gifts (Including Christmas),1.09,Dollar Tree
2017-04-04,Food,Groceries,8.45,Amazon - Lime
2017-04-05,Utilities,Internet,54.85,Comcast
2017-04-05,Food,Groceries,71.07,Aldi
2017-04-06,Food,Groceries,26.75,Sams Club - Fried Rice
2017-04-06,Personal,Pocket Money (Jamie),1.21,Hobby Lobby
2017-04-07,Transportation,Gas & Oil,21.08,Sams Club
2017-04-07,Food,Restaurants,14.69,Full Service Bbq
2017-04-07,Food,Restaurants,8,Pelanchos
2017-04-07,Food,Groceries,27.27,Walmart
2017-04-07,Utilities,Water,66.89,Water
2017-04-08,Personal,Miscellaneous,42.77,Corning Revere - Lodge
2017-04-08,Personal,Miscellaneous,52.4,Running Stuff
2017-04-09,Clothing,Darren (Clothing),4.35,Banana Republic
2017-04-09,Personal,Miscellaneous,71.33,Kirklands - Chair
2017-04-09,Personal,Miscellaneous,5.95,Amazon - Batteries
2017-04-10,Utilities,Electricity,86.9,Knox Utility
2017-04-10,Transportation,Gas & Oil,14.83,Gas
2017-04-10,Personal,Miscellaneous,207.52,Fitbit
2017-04-10,Personal,Miscellaneous,5.35,Dollar Tree (teeth stuff Jamie)
2017-04-12,Personal,Miscellaneous,13.27,Cat Water Pump
2017-04-12,Transportation,Gas & Oil,11.95,Gas
2017-04-13,Food,Restaurants,18,Carolina Ale House
2017-04-13,Food,Groceries,7.64,Kroger
2017-04-14,Food,Groceries,11.78,Sams - Bacon
2017-04-14,Personal,Pocket Money (Jamie),13.1,DSW (Brown Heels)
2017-04-14,Recreational,Vacation,404.4,Delta
2017-04-14,Recreational,Vacation,404.4,Delta
2017-04-14,Personal,Miscellaneous,14.4,Hobby Lobby (Frame)
2017-04-14,Food,Groceries,45.72,ALDI
2017-04-14,Food,Groceries,54.81,Kroger
2017-04-16,Personal,Miscellaneous,13.09,Kroger (flowers and bear)
2017-04-16,Medical / Health,Medications,4.72,Walmart (band-aids and moleskin)
2017-04-16,Personal,Miscellaneous,22.35,Walmart
2017-04-17,Food,Restaurants,17,Pelanchos
2017-04-17,Personal,Gifts (Including Christmas),14.08,Kroger - Easter
2017-04-18,Personal,Pocket Money (Jamie),1.08,Joann (Measuring Tape)
2017-04-19,Transportation,Gas & Oil,22.99,Pilot Travel Centers
2017-04-21,Personal,Gifts (Including Christmas),7.89,Amazon - Jamie's Gift
2017-04-23,Food,Restaurants,6,Double Dogs
2017-04-24,Food,Restaurants,14.63,Pelanchos
2017-04-25,Food,Restaurants,13.1,Marcos
2017-04-25,Personal,Pet Supplies,13.09,Kroger - Cat Food
2017-04-25,Food,Restaurants,2.39,McDonalds
2017-04-25,Personal,Pocket Money (Darren),21.84,Amazon - Castles of Burgundy
2017-04-25,Food,Groceries,11.95,Walmart - Yogurts
2017-04-26,Transportation,Repairs & Tires,1.25,Air for Tires
2017-04-26,Personal,Miscellaneous,45.54,Other
2017-04-26,Food,Groceries,11.99,Lime Stuff
2017-04-27,Food,Groceries,2.54,Walmart - Cheese
2017-04-27,Recreational,Entertainment,16.37,Biscuit Festival
2017-04-27,Food,Groceries,5,Food
2017-04-27,Saving,College Fund,300,Jamie's Class
2017-04-28,Personal,Pet Supplies,13,Litter
2017-04-29,Food,Groceries,4.3,Kroger
2017-04-29,Transportation,Gas & Oil,26.84,Pilot Travel Centers
2017-05-01,Transportation,Gas & Oil,22.96,Sam's - Gas
2017-05-01,Food,Restaurants,8,Scruffy City Hall
2017-05-01,Food,Restaurants,22,Pelanchos
2017-05-01,Personal,Pocket Money (Darren),1.08,iTunes
2017-05-01,Transportation,Car Wash,98.27,Simoniz Car Wash
2017-05-01,Food,Groceries,29.75,Sam's
2017-05-01,Food,Groceries,71.06,Aldi
2017-05-02,Recreational,Entertainment,47.28,Paypal
2017-05-02,Housing,Rent,877,Eagle Pointe
2017-05-03,Food,Restaurants,2.19,Jimmy John's
2017-05-03,Personal,Miscellaneous,90,Hair
2017-05-04,Personal,Gifts (Including Christmas),6.56,Dollar Tree
2017-05-04,Personal,Gifts (Including Christmas),12.65,Walmart - Birthday Stuff
2017-05-04,Personal,Gifts (Including Christmas),1.09,Dollar Tree - Wrapping Paper
2017-05-04,Recreational,Weddings,5.45,Vistaprint
2017-05-05,Utilities,Internet,54.85,Comcast
2017-05-05,Food,Restaurants,1.09,McDonalds
2017-05-05,Recreational,Entertainment,15.39,Movies
2017-05-05,Food,Restaurants,18,Soccer Taco
2017-05-05,Food,Restaurants,10,Pelanchos
2017-05-05,Personal,Pocket Money (Jamie),2.72,Cosmoprof
2017-05-05,Personal,Pocket Money (Jamie),27.06,Salon Centric
2017-05-07,Recreational,Entertainment,2,Parking
2017-05-08,Food,Groceries,4.27,Walmart - Tuna
2017-05-08,Food,Restaurants,3.16,McDonalds
2017-05-08,Food,Groceries,8.61,Aldi
2017-05-08,Personal,Cosmetics / Hair Care,3.84,Sally Beauty
2017-05-08,Transportation,Gas & Oil,26.8,Kroger
2017-05-09,Utilities,Water,67.73,KUB
2017-05-09,Personal,Pocket Money (Darren),70,Kickstarter
2017-05-11,Food,Groceries,15.7,Sams
2017-05-11,Food,Restaurants,6.08,Aldi
2017-05-11,Utilities,Electricity,73.97,Utilities
2017-05-12,Personal,Gifts (Including Christmas),60.19,Michaels
2017-05-12,Food,Restaurants,9.29,Coolato Gelato
2017-05-12,Medical / Health,Medications,60,Cigna
2017-05-14,Food,Restaurants,16,Red Robin
2017-05-15,Transportation,Gas & Oil,23.43,Conoco Kingston Food - Gas
2017-05-15,Food,Restaurants,26,No Way Joses
2017-05-15,Food,Groceries,6.8,Walmart
2017-05-16,Recreational,Weddings,212,Curtis BP
2017-05-16,Transportation,Gas & Oil,22.1,Pilot Travel Center
2017-05-16,Transportation,Gas & Oil,25.07,Kroger Gas Georgia
2017-05-17,Food,Groceries,2,Radishes
2017-05-17,Personal,Pocket Money (Jamie),21.47,Salon Centric - Hair Stuff
2017-05-17,Food,Groceries,54.12,ALDI
2017-05-17,Food,Groceries,56.13,Sams Club
2017-05-17,Food,Groceries,40.67,Walmart
2017-05-17,Saving,College Fund,252,Summer Fees - Darren
2017-05-18,Recreational,Entertainment,6,Parking
2017-05-18,Personal,Books / Supplies,14.77,Amazon - Textbook for MSBA JAMIE
2017-05-18,Recreational,Weddings,30,Darren pants - McKay
2017-05-22,Personal,Pocket Money (Jamie),2.66,Walmart - Elastic for Hair
2017-05-22,Personal,Pocket Money (Jamie),20.62,Cosmoprof - Brittany's Hair
2017-05-22,Personal,Pocket Money (Jamie),-40,Brittany's Hair Payment
2017-05-22,Personal,Pocket Money (Jamie),-60,Brittany's Hair Payment
2017-05-22,Personal,Pocket Money (Jamie),6.41,Walmart - Canvas Shoes
2017-05-22,Food,Restaurants,6.57,Subway
2017-05-22,Food,Restaurants,25,Blueberry Bush - Farmers Market
2017-05-23,Utilities,Phone / Mobile,120,Mom
2017-05-23,Recreational,Weddings,49.99,Amazon - Brittany Bridesmaid Dress
2017-05-24,Personal,Subscriptions (Amazon),49,Amazon Subscription Annual
2017-05-25,Personal,Pocket Money (Jamie),31.13,Target - Sandles
2017-05-25,Personal,Miscellaneous,3.23,Walmart
2017-05-26,Personal,Pet Supplies,14,Walmart - Cat Litter
2017-05-28,Transportation,Gas & Oil,20.48,Kroger Gas
2017-05-28,Transportation,Gas & Oil,21.16,Kroger Gas - GA
2017-05-29,Recreational,Weddings,32.63,Banana Republic - T Shirts
2017-05-29,Clothing,Darren (Clothing),42.75,Banana Republic
2017-05-29,Personal,Pocket Money (Jamie),49,Banana Republic
2017-05-29,Personal,Pocket Money (Jamie),30.7,Nike Store - Running Shoes
2017-05-29,Recreational,Weddings,73.26,Michael Wedding Shoes
2017-05-30,Clothing,Jamie (Clothing),7.09,Charolette Russe - Crop Top
2017-05-30,Food,Restaurants,20,Niks Place
2017-05-30,Food,Restaurants,8.54,Dairy Queen
2017-05-30,Personal,Pocket Money (Darren),1.08,Apple iTunes
2017-05-30,Personal,Miscellaneous,8.34,Walmart - Honeysuckle Candle
2017-05-30,Food,Restaurants,7,Clint for Asia Kitchen
2017-05-30,Recreational,Entertainment,-22,Michael Paid for Movies
2017-05-30,Personal,Miscellaneous,-25,Rewards - Wells Fargo
2017-05-30,Recreational,Weddings,-110,Melissa
2017-05-30,Personal,Pocket Money (Jamie),-40,Gpat
2017-05-31,Food,Groceries,81.12,Aldi
2017-05-31,Food,Groceries,71.41,Sam's
2017-05-31,Food,Groceries,13.21,Walmart -
2017-06-01,Clothing,Jamie (Clothing),14,Walmart -
2017-06-01,Housing,Rent,"1,037.00",Rent
2017-06-03,Food,Restaurants,20,Hibachi Grill
2017-06-03,Transportation,Gas & Oil,22.68,Kroger
2017-06-03,Food,Groceries,31.49,Aldi
2017-06-04,Recreational,Weddings,-144.74,Michael - Hotel - CL Wedding
2017-06-04,Transportation,Gas & Oil,21.04,Gas - Kingston Food Market
2017-06-04,Clothing,Darren (Clothing),54.84,Nike - Outlets
2017-06-04,Food,Restaurants,16.73,Pelanchos
2017-06-04,Clothing,Darren (Clothing),14.59,Asics - shorts
2017-06-04,Food,Groceries,4,Walmart - artichoke
2017-06-04,Personal,Miscellaneous,90.63,Hiking Stuff
2017-06-04,Personal,Pocket Money (Jamie),15.37,Autographed Book
2017-06-04,Personal,Miscellaneous,13.95,Amazon
2017-06-05,Clothing,Jamie (Clothing),6.57,Walmart - Shorts
2017-06-05,Utilities,Internet,43.42,Comcast
2017-06-05,Personal,Miscellaneous,4.99,Amazon
2017-06-06,Utilities,Electricity,74.3,KUB
2017-06-06,Personal,Gifts (Including Christmas),6.98,York Photo
2017-06-06,Food,Groceries,6.76,Amazon
2017-06-07,Food,Groceries,5.75,Aldi
2017-06-08,Personal,Miscellaneous,35.99,D - Wedding Ring
2017-06-08,Transportation,Gas & Oil,18.92,Kroger
2017-06-09,Food,Groceries,11.73,Sams
2017-06-09,Food,Groceries,30.34,Walmart
2017-06-09,Personal,Gifts (Including Christmas),9.8,Walmart - Stamps
2017-06-09,Food,Restaurants,6.53,Cookout
2017-06-11,Food,Groceries,7.02,Walmart - Chocolate
2017-06-12,Food,Restaurants,2.72,McDonalds
2017-06-12,Food,Groceries,7.77,McDonalds
2017-06-13,Utilities,Water,74.98,Water
2017-06-14,Food,Groceries,5.45,Kroger
2017-06-14,Transportation,Gas & Oil,26.42,Gas - Kingston Food Market
2017-06-15,Food,Groceries,41.99,Sam's
2017-06-15,Food,Groceries,29.68,Walmart
2017-06-15,Food,Groceries,91.28,Aldi
2017-06-15,Personal,Pocket Money (Jamie),7,Hollar
2017-06-15,Personal,Pocket Money (Jamie),1,Dollar Shave Club
2017-06-16,Personal,Pocket Money (Darren),1,Dollar Shave Club
2017-06-16,Food,Groceries,5,Food - Walmart
2017-06-16,Personal,Pet Supplies,14,Litter - Walmart
2017-06-16,Personal,Cosmetics / Hair Care,14.25,Cosmetics - Walmart
2017-06-17,Food,Restaurants,18.27,Pelanchos
2017-06-17,Personal,Pocket Money (Jamie),-25,Hope and Jeff
2017-06-17,Personal,Pocket Money (Darren),-25,Hope and Jeff
2017-06-18,Clothing,Darren (Clothing),55.45,Columbia Sports
2017-06-18,Personal,Pocket Money (Jamie),10.21,Amazon - Go Girl
2017-06-18,Clothing,Jamie (Clothing),13.79,Banana Republic
2017-06-18,Clothing,Jamie (Clothing),27.85,Banana Republic
2017-06-19,Personal,Pocket Money (Darren),5.55,Uber
2017-06-19,Personal,Pocket Money (Jamie),5.55,Uber
2017-06-19,Personal,Miscellaneous,4.37,Dollar Tree
2017-06-19,Personal,Books / Supplies,55.4,Amazon - assorted
2017-06-19,Clothing,Jamie (Clothing),52.72,BR - Jamie
2017-06-19,Utilities,Phone / Mobile,72,BR - Cindy
2017-06-19,Clothing,Jamie (Clothing),-12.45,BR - refund
2017-06-19,Personal,Pocket Money (Jamie),12.13,Amazon - Ethnos
2017-06-19,Transportation,Gas & Oil,15.81,Gas
2017-06-19,Personal,Pocket Money (Darren),12,Hollar
2017-06-19,Personal,Gifts (Including Christmas),19.05,Amazon - Wesley's Present
2017-06-20,Personal,Pocket Money (Jamie),36.93,Forever 21
2017-06-22,Personal,Pocket Money (Jamie),16.37,Rack Room
2017-06-22,Personal,Pocket Money (Jamie),25,Amazon - Bag
2017-06-23,Food,Groceries,4.35,Walmart
2017-06-23,Recreational,Weddings,16.38,Rack Room
2017-06-25,Transportation,Gas & Oil,17.28,Pilot
2017-06-25,Clothing,Jamie (Clothing),6.79,Banana Republic
2017-06-26,Food,Groceries,25.81,Walmart
2017-06-26,Personal,Pocket Money (Jamie),113.58,Nike
2017-06-26,Personal,Books / Supplies,13.96,Audible - Jamie's Book
2017-06-26,Personal,Pocket Money (Darren),2.75,Hollar
2017-06-27,Transportation,Gas & Oil,8.48,Pilot
2017-06-27,Food,Restaurants,19,Pelanchos
2017-06-27,Food,Groceries,15.31,Walmart
2017-06-28,Transportation,Gas & Oil,21.43,Pilot
2017-06-28,Food,Restaurants,4.26,Aramark - Panda
2017-06-30,Personal,Pocket Money (Jamie),-19.9,Amazon
2017-06-30,Transportation,Gas & Oil,24.01,Kroger
2017-06-30,Food,Groceries,14.14,Kroger
2017-06-30,Food,Restaurants,17.54,Olive Garden
2017-06-30,Recreational,Weddings,35,Banana Republic
2017-06-30,Personal,Miscellaneous,20,
2017-06-30,Personal,Miscellaneous,43.6,
2017-06-30,Personal,Miscellaneous,10,Ornament
2017-06-30,Personal,Miscellaneous,26.29,
2017-06-30,Medical / Health,Medications,9.64,Amazon - Lysine
2017-07-02,Transportation,Gas & Oil,20.81,Kroger - Gas
2017-07-02,Personal,Pet Supplies,94.7,Walmart - Litter
2017-07-02,Personal,Miscellaneous,2.08,Walmart - Toothbrushes
2017-07-03,Personal,Pocket Money (Darren),13.49,Valve
2017-07-03,Food,Restaurants,13.09,Cook Out
2017-07-03,Personal,Pocket Money (Jamie),33,CCF Childfund
2017-07-03,Food,Restaurants,3.62,Racetrack - Coffee
2017-07-05,Utilities,Internet,38.84,Comcast
2017-07-05,Food,Restaurants,10.9,Cook Out
2017-07-05,Food,Restaurants,82,Takara Sushi
2017-07-05,Food,Restaurants,13.92,Chick-fil-A
2017-07-06,Personal,Pocket Money (Darren),10,Venmo - Fireworks
2017-07-06,Food,Groceries,21.68,Walmart - Logan
2017-07-06,Personal,Gifts (Including Christmas),23.42,TJ Maxx
2017-07-06,Food,Groceries,7.7,Walmart
2017-07-06,Food,Groceries,-13.05,Walmart
2017-07-06,Utilities,Water,80.05,Utilities - Water
2017-07-07,Food,Restaurants,6.76,McDonalds
2017-07-10,Utilities,Electricity,90.11,KUB
2017-07-10,Transportation,Gas & Oil,20.71,Kroger - Gas
2017-07-10,Food,Restaurants,12.28,Chick-fil-A
2017-07-10,Food,Restaurants,6.69,McDonalds
2017-07-10,Food,Restaurants,8.58,Aggie Icecream
2017-07-10,Food,Restaurants,45,Takara Sushi
2017-07-11,Food,Groceries,35.16,Walmart
2017-07-11,Food,Groceries,75.5,ALDI
2017-07-11,Food,Groceries,56.69,Sams Club
2017-07-11,Personal,Pocket Money (Jamie),146.79,Amazon - Fitbit
2017-07-11,Housing,Rent,722.23,July Rent
2017-07-12,Personal,Gifts (Including Christmas),45.01,Kirklands - Anniversary
2017-07-12,Food,Groceries,10.94,ALDI
2017-07-13,Personal,Pocket Money (Jamie),15.99,Amazon - Fitbit Band
2017-07-13,Personal,Pocket Money (Darren),8.75,Casual Pint
2017-07-14,Insurance,Renter's Insurance,163,AGI Renters
2017-07-16,Food,Groceries,4.58,Walmart
2017-07-16,Food,Restaurants,16,Pelanchos
2017-07-17,Personal,Pocket Money (Darren),3,Dollar Shave
2017-07-17,Clothing,Jamie (Clothing),6,Dollar Shave
2017-07-18,Food,Restaurants,27.1,The Casual Pint
2017-07-18,Food,Groceries,10.8,Walmart - Toilet Paper
2017-07-19,Personal,Pocket Money (Jamie),30.04,American Eagle - Panties
2017-07-20,Food,Restaurants,7,The Casual Pint
2017-07-20,Transportation,Gas & Oil,16.81,Kroger - Gas
2017-07-20,Food,Restaurants,7.79,Publix - Sub
2017-07-21,Food,Restaurants,1.09,Mcdonalds
2017-07-22,Recreational,Entertainment,6,Burial
2017-07-22,Transportation,Gas & Oil,24.54,Pilot - 2014
2017-07-23,Food,Restaurants,12.95,Waffle House
2017-07-23,Clothing,Jamie (Clothing),32.07,Franchesca's - Purse
2017-07-23,Personal,Pocket Money (Darren),16.04,The Game Outlet
2017-07-23,Food,Restaurants,26.28,Shogun
2017-07-23,Recreational,Entertainment,30,Hi Wire Circus
2017-07-23,Recreational,Entertainment,26.52,BananaRepublic Asheville
2017-07-24,Saving,College Fund,5,College Transcript
2017-07-26,Food,Groceries,16.3,Walmart - Total 26.30
2017-07-26,Recreational,Weddings,10,Walmart - Sunscreen
2017-07-27,Food,Restaurants,4.56,McDonalds Midnight Snack
2017-07-27,Transportation,Gas & Oil,21.03,Raceway - Oak Ridge
2017-07-28,Recreational,Weddings,12.63,Harvest On Main
2017-07-28,Food,Restaurants,11,Pelanchos
2017-07-28,Food,Restaurants,30,Pelanchos
2017-07-28,Personal,Miscellaneous,3.28,Dollar Tree
2017-07-31,Food,Groceries,103.35,Aldi
2017-07-31,Food,Groceries,11.53,Walmart
2017-07-31,Food,Groceries,53.91,Sam's Club
2017-07-31,Insurance,Health Insurance,785,Jamie health insurance
2017-08-02,Recreational,Weddings,20,Curtis BP - food
2017-08-02,Recreational,Weddings,6,Curtis BP - food
2017-08-02,Housing,Rent,886,Rent
2017-08-03,Food,Groceries,21.11,Sam's Club
2017-08-03,Personal,Pocket Money (Darren),99.94,CoolStuffInc
2017-08-03,Personal,Pocket Money (Darren),0.01,Portal Games
2017-08-04,Saving,College Fund,188,Parking Pass
2017-08-04,Personal,Gifts (Including Christmas),21.75,Groupon
2017-08-04,Personal,Books / Supplies,60.15,Walmart - school supplies
2017-08-05,Recreational,Weddings,14,Shein - dress
2017-08-05,Personal,Books / Supplies,33.83,TJ-maxx planner
2017-08-06,Recreational,Weddings,7.95,Amazon
2017-08-06,Personal,Books / Supplies,50,Amazon
2017-08-06,Personal,Pocket Money (Jamie),-50,Swagbucks
2017-08-07,Utilities,Internet,38.84,Comcast
2017-08-07,Insurance,Auto Insurance,508.6,Geico
2017-08-08,Food,Restaurants,13.09,Cook Out
2017-08-08,Utilities,Electricity,77.02,KUB
2017-08-09,Food,Restaurants,39,Pelanchos
2017-08-09,Personal,Pocket Money (Darren),130.29,CoolStuffInc
2017-08-10,Utilities,Water,78.02,Water
2017-08-11,Personal,Miscellaneous,2.3,Walmart
2017-08-11,Food,Restaurants,5.45,Starbucks
2017-08-11,Personal,Pocket Money (Jamie),52.38,Amazon
2017-08-11,Personal,Gifts (Including Christmas),27.52,Amazon
2017-08-12,Food,Groceries,22.79,Aldi
2017-08-12,Transportation,Gas & Oil,14.85,Pilot
2017-08-12,Clothing,Jamie (Clothing),0.86,Banana Republic
2017-08-12,Food,Restaurants,52.37,TGIF
2017-08-13,Personal,Pocket Money (Darren),-25,Birthday Money
2017-08-14,Transportation,Repairs & Tires,29.48,Advance Auto Parts
2017-08-14,Transportation,Repairs & Tires,65.53,Valvoline
2017-08-14,Transportation,Repairs & Tires,173.13,Valvoline
2017-08-15,Personal,Pocket Money (Darren),3,Dollar Shave
2017-08-16,Food,Groceries,44.52,Sam's Club
2017-08-16,Transportation,Gas & Oil,14.73,Sam's Club
2017-08-16,Personal,Miscellaneous,2,Walmart
2017-08-17,Food,Groceries,2.15,Amazon
2017-08-18,Food,Groceries,57.88,Middlebrook
2017-08-19,Personal,Miscellaneous,342.8,Banana Republic
2017-08-19,Personal,Miscellaneous,4.86,Banana Republic
2017-08-19,Food,Restaurants,5.49,Little Ceasers
2017-08-19,Transportation,Gas & Oil,17.48,Sam's Club
2017-08-19,Personal,Books / Supplies,13.57,Walmart
2017-08-19,Recreational,Weddings,221.78,Josabank
2017-08-19,Food,Restaurants,16.97,Pelanchos
2017-08-19,Personal,Miscellaneous,12.72,Banana Republic
2017-08-20,Personal,Books / Supplies,38.97,Walmart
2017-08-20,Food,Restaurants,24.57,Swift's Atomic
2017-08-21,Utilities,Phone / Mobile,132,"Phone - July, Aug, Sep"
2017-08-22,Food,Restaurants,7.92,Brenz Pizza
2017-08-23,Saving,College Fund,"1,035.00",Darren Fees
2017-08-23,Saving,College Fund,101.25,Jamie books
2017-08-25,Personal,Pocket Money (Darren),5.45,Spotify
2017-08-26,Transportation,Gas & Oil,23.25,Sam's Club
2017-08-26,Saving,College Fund,463.26,Best Buy
2017-08-27,Personal,Books / Supplies,9.02,Target
2017-08-27,Personal,Books / Supplies,18.07,Abebooks
2017-08-27,Personal,Books / Supplies,21.99,Abebooks
2017-08-27,Food,Restaurants,18.82,Soccer Taco
2017-08-29,Personal,Books / Supplies,13.92,Harvard Busn
2017-08-29,Food,Restaurants,13.09,Cook Out
2017-08-29,Food,Restaurants,2.28,McDonalds
2017-08-29,Saving,College Fund,"1,820.00",Best Buy
2017-08-30,Personal,Books / Supplies,21.68,Abebooks
2017-08-30,Personal,Pocket Money (Darren),-50,Swagbucks
2017-08-31,Food,Groceries,50,Lime Packets
2017-09-01,Food,Restaurants,6.45,casual pint
2017-09-01,Food,Groceries,78.58,aldi
2017-09-02,Recreational,Weddings,20.01,gas - kelly bachellorete
2017-09-02,Food,Groceries,11.07,walmart
2017-09-02,Food,Restaurants,8.72,dunkin
2017-09-02,Food,Restaurants,25,blackhorse
2017-09-02,Food,Groceries,45.15,sam's
2017-09-03,Recreational,Weddings,58.42,saloncentric
2017-09-03,Recreational,Weddings,30.58,gas - kelly bachellorete
2017-09-03,Food,Groceries,3.59,walmart
2017-09-05,Utilities,Internet,38.84,comcast
2017-09-05,Housing,Rent,886,Rent
2017-09-06,Utilities,Electricity,92.13,KUB
2017-09-07,Food,Restaurants,15.29,marco's
2017-09-08,Transportation,Gas & Oil,25.9,gas
2017-09-08,Recreational,Weddings,1.59,wedding hair stuff - kroger
2017-09-09,Recreational,Weddings,11.08,applebees
2017-09-09,Recreational,Weddings,8.39,saloncentric
2017-09-09,Recreational,Weddings,4.28,dollar tree
2017-09-10,Recreational,Weddings,21.47,steak and shake
2017-09-10,Food,Groceries,10.83,walmart
2017-09-10,Transportation,Gas & Oil,31.53,pilot
2017-09-11,Food,Groceries,13.48,walmart
2017-09-11,Recreational,Weddings,3.2,breakfast w stephen
2017-09-11,Recreational,Weddings,2.5,bowling w stephen
2017-09-11,Recreational,Weddings,100,Hotel Key-lifornia
2017-09-12,Recreational,Weddings,13.41,mailing to chelsae
2017-09-12,Medical / Health,Health Savings Plan,5.95,student health
2017-09-12,Food,Restaurants,40.24,chaiyos
2017-09-13,Recreational,Weddings,68.25,brit bachelorette
2017-09-14,Food,Restaurants,2.57,chick-fil-a
2017-09-14,Food,Restaurants,17,pelanchos
2017-09-15,Personal,Miscellaneous,6,dollar shave
2017-09-15,Utilities,Water,68.91,water
2017-09-15,Food,Restaurants,5,Wileam
2017-09-16,Food,Groceries,41.98,sams
2017-09-16,Food,Groceries,25.93,walmart
2017-09-16,Food,Groceries,85.79,aldi
2017-09-17,Food,Restaurants,7.42,publix
2017-09-17,Food,Restaurants,5,the hill
2017-09-18,Food,Restaurants,60.31,soccer taco
2017-09-18,Personal,Miscellaneous,1,parking
2017-09-18,Food,Restaurants,8.72,mcdonalds
2017-09-18,Saving,College Fund,-101.25,Book Refund
2017-09-19,Transportation,Gas & Oil,29.33,gas
2017-09-19,Food,Restaurants,25.69,wild eggs
2017-09-19,Medical / Health,Health Savings Plan,16.94,student health
2017-09-20,Food,Restaurants,8.96,starbucks campus
2017-09-20,Personal,Gifts (Including Christmas),1.25,amazon
2017-09-20,Personal,Gifts (Including Christmas),3.19,postable.com
2017-09-21,Personal,Pet Supplies,25.03,kroger
2017-09-22,Medical / Health,Health Savings Plan,61.09,kroger
2017-09-22,Food,Restaurants,20.37,pelanchos
2017-09-23,Personal,Miscellaneous,15.3,amazon
2017-09-24,Personal,Gifts (Including Christmas),10.76,walmart
2017-09-26,Food,Restaurants,6.28,Chick-fil-a
2017-09-27,Personal,Miscellaneous,4.35,Amazon Music
2017-09-27,Food,Restaurants,33.01,Papa John's
2017-09-28,Food,Restaurants,1.9,McDonalds
2017-09-29,Personal,Pocket Money (Jamie),95.28,T.J. Maxx
2017-09-29,Food,Restaurants,17.23,Sarku
2017-09-29,Personal,Miscellaneous,-4.35,Amazon Digital Refund
2017-09-30,Recreational,Weddings,15,
2017-09-30,Food,Groceries,81.89,Aldi
2017-09-30,Food,Groceries,4.24,Kroger
2017-09-30,Food,Groceries,22.59,Sam's
2017-09-30,Transportation,Gas & Oil,24.65,Sam's
2017-09-30,Personal,Pocket Money (Jamie),35.12,T.J. Maxx
2017-09-30,Food,Restaurants,52.02,Cracker Barrel
2017-09-30,Food,Groceries,58.89,Walmart
2017-10-01,Food,Restaurants,21.85,Sweet P's
2017-10-02,Housing,Rent,886,Rent
2017-10-03,Food,Restaurants,2.72,McDonalds
2017-10-05,Transportation,Gas & Oil,22.11,Kroger Fuel
2017-10-05,Food,Restaurants,12,Suttrees
2017-10-05,Food,Restaurants,20.7,Chaiyos
2017-10-05,Food,Groceries,14.18,Walmart
2017-10-05,Utilities,Internet,38.84,Comcast
2017-10-06,Personal,Pocket Money (Darren),148.24,Raven's Nest
2017-10-06,Personal,Gifts (Including Christmas),57.13,Amazon
2017-10-06,Food,Restaurants,17.35,Pupusaria
2017-10-07,Transportation,Gas & Oil,21.59,RaceTrack
2017-10-07,Food,Restaurants,2.56,McDonalds
2017-10-07,Recreational,Weddings,1.84,Dollar General
2017-10-07,Recreational,Weddings,40,MB Gift
2017-10-08,Recreational,Weddings,100,"Miss Fit, Nashville"
2017-10-08,Personal,Pocket Money (Darren),135.94,Miniature Market
2017-10-08,Food,Restaurants,6.56,Old City Java
2017-10-09,Food,Groceries,5.57,Walmart
2017-10-09,Personal,Pocket Money (Darren),108.13,CoolStuffInc
2017-10-10,Transportation,Gas & Oil,24.73,Pilot
2017-10-10,Recreational,Weddings,27.96,Amazon
2017-10-10,Food,Restaurants,6.75,Panda
2017-10-10,Recreational,Weddings,42,Chelsea
2017-10-11,Utilities,Water,86.77,KUB
2017-10-12,Recreational,Weddings,-23.59,Walmart
2017-10-12,Recreational,Weddings,12.94,Kroger
2017-10-12,Recreational,Weddings,53.37,Walmart
2017-10-12,Recreational,Weddings,3.57,Walmart
2017-10-12,Recreational,Weddings,56.07,Sam's
2017-10-12,Food,Restaurants,7.87,Food - school
2017-10-12,Utilities,Electricity,65.88,Electricity
2017-10-13,Recreational,Weddings,14.14,Chick-fil-a
2017-10-13,Recreational,Weddings,12.81,Aldi
2017-10-13,Recreational,Weddings,-117,Money from Melissa
2017-10-14,Recreational,Weddings,115,"Miss Fit, Nashville"
2017-10-14,,,1,Blue Bar Rack Room
2017-10-15,Recreational,Weddings,28.29,Pilot
2017-10-15,Recreational,Weddings,44.5,Blue Bar Rack Room
2017-10-15,Food,Groceries,7.48,Walmart
2017-10-15,Food,Groceries,28.92,Sam's
2017-10-15,Food,Groceries,28.77,Aldi
2017-10-17,Food,Restaurants,17,Waffle House
2017-10-18,Food,Restaurants,1.3,Coffee - school
2017-10-18,Food,Restaurants,25.5,Pelanchos
2017-10-19,Medical / Health,Medications,26.48,UT Student Health
2017-10-19,Food,Restaurants,9.82,McDonalds
2017-10-19,Personal,Miscellaneous,10,Venmo for Eric and Sarah
2017-10-20,Food,Restaurants,13.63,Pelanchos
2017-10-20,Food,Groceries,4.28,Walmart
2017-10-21,Food,Groceries,32.42,Walmart
2017-10-22,Clothing,Jamie (Clothing),6,Walmart
2017-10-22,Personal,Pocket Money (Darren),15,Giga-bites
2017-10-23,Charity,Charity & Offerings,5,
2017-10-24,Recreational,Weddings,-240,Money from Kit
2017-10-24,Food,Restaurants,8.65,The Casual Pint
2017-10-24,Food,Restaurants,10.91,Five Guys
2017-10-25,Personal,Pocket Money (Jamie),-25,Tutoring Money
2017-10-25,Food,Groceries,18.2,Walmart
2017-10-25,Transportation,Gas & Oil,24.3,Pilot
2017-10-26,Personal,Pocket Money (Darren),-25,Tutoring Money
2017-10-26,Food,Restaurants,26.69,Pelanchos
2017-10-27,Personal,Pocket Money (Darren),-10,Tutoring Money
2017-10-27,Recreational,Weddings,10.06,Nation Kitchen and Bar
2017-10-27,Food,Groceries,22.81,Target
2017-10-27,Recreational,Weddings,-127,lauren
2017-10-28,Personal,Pocket Money (Jamie),-10,Tutoring Money
2017-10-28,Recreational,Weddings,26.78,Salon Centric
2017-10-28,Recreational,Weddings,21.31,Salon Centric
2017-10-28,Recreational,Weddings,9.56,Taste of Belgium
2017-10-28,Recreational,Weddings,18,16 Bit
2017-10-28,Recreational,Weddings,66.74,Boi Na Braza
2017-10-28,Personal,Pocket Money (Darren),-15,Tutoring Money
2017-10-28,Personal,Pocket Money (Darren),-18.5,Tutoring
2017-10-29,Recreational,Weddings,2.5,Wendy's
2017-10-29,Personal,Pocket Money (Jamie),-15,Tutoring Money
2017-10-29,Food,Groceries,60.39,Walmart
2017-10-29,Personal,Pocket Money (Jamie),-18.5,Tutoring
2017-10-30,Recreational,Weddings,15,Gambling
2017-10-31,Food,Groceries,10.95,Walmart - Halloween
2017-11-01,Food,Restaurants,17.37,Panda
2017-11-02,Personal,Pocket Money (Darren),-37.5,Tutoring
2017-11-02,Food,Restaurants,9.06,publix
2017-11-02,Personal,Pocket Money (Darren),106.41,amazon
2017-11-03,Food,Restaurants,3.47,mcdonalds
2017-11-04,Personal,Pocket Money (Jamie),-37.5,Tutoring
2017-11-04,Food,Restaurants,5.42,mcdonalds
2017-11-04,Food,Restaurants,22.6,mexico lindo
2017-11-04,Transportation,Gas & Oil,22.68,pilot
2017-11-04,Personal,Pocket Money (Jamie),97.27,banana republic
2017-11-05,Recreational,Weddings,64.46,dillards
2017-11-05,Food,Groceries,28.39,walmart
2017-11-05,Personal,Pocket Money (Jamie),77.82,amazon
2017-11-06,Utilities,Internet,38.84,comcast
2017-11-07,Utilities,Electricity,73.19,kub
2017-11-07,Food,Restaurants,9.23,aramark
2017-11-07,Food,Restaurants,9.5,aramark
2017-11-07,Food,Restaurants,3.04,aramark
2017-11-08,Personal,Pocket Money (Jamie),81.93,best buy
2017-11-08,Food,Restaurants,1.91,ray's place
2017-11-08,Recreational,Weddings,25.99,amazon
2017-11-09,Transportation,Gas & Oil,28.39,pilot
2017-11-09,Food,Restaurants,15.82,salsaritas
2017-11-09,Utilities,Water,64.86,utlities
2017-11-10,Food,Groceries,21.95,walmart
2017-11-10,Recreational,Audible,16.37,audible
2017-11-10,Personal,Pet Supplies,195,cedar bluff animal
2017-11-10,Personal,Pet Supplies,7.66,cedar bluff animal
2017-11-11,Recreational,Weddings,132.68,townplace suites
2017-11-12,Recreational,Weddings,5.64,racetrac
2017-11-13,Recreational,Weddings,23.25,groupon
2017-11-13,Personal,Miscellaneous,185.5,amazon - air filters
2017-11-13,Personal,Miscellaneous,2.7,amazon - air filters
2017-11-13,Food,Groceries,7.1,target
2017-11-14,Personal,Pocket Money (Jamie),-50,Tutoring
2017-11-14,Food,Restaurants,9.5,School food
2017-11-14,Food,Restaurants,1.3,school food
2017-11-14,Food,Restaurants,1.3,school food
2017-11-15,Personal,Pocket Money (Darren),-50,Tutoring
2017-11-15,Food,Groceries,63.39,sams
2017-11-15,Food,Groceries,61.97,walmart
2017-11-15,Food,Restaurants,8.22,ORNL
2017-11-15,Food,Groceries,89.76,Aldi
2017-11-16,Food,Groceries,1.4,walmart
2017-11-16,Transportation,Gas & Oil,27.17,pilot
2017-11-16,Food,Groceries,27.88,walmart
2017-11-17,Personal,Pocket Money (Jamie),9.8,amazon
2017-11-20,Food,Restaurants,45.97,nama
2017-11-21,Food,Groceries,27.28,walmart
2017-11-22,Food,Groceries,23.38,walmart
2017-11-24,Food,Restaurants,19.5,pelanchos
2017-11-24,Recreational,Weddings,61.83,francesca's
2017-11-24,Personal,Pocket Money (Darren),194.56,sci-fi city
2017-11-24,Recreational,Entertainment,5,atom
2017-11-24,Personal,Miscellaneous,285.03,amazon
2017-11-24,Recreational,Entertainment,17.13,regal
2017-11-24,Recreational,Entertainment,5,atom
2017-11-26,Personal,Pocket Money (Darren),16.76,amazon
2017-11-26,Personal,Gifts (Including Christmas),304.97,ink pixi
2017-11-27,Personal,Gifts (Including Christmas),39.43,target
2017-11-28,Food,Restaurants,29.54,marcos
2017-11-28,Food,Restaurants,4.53,mcdonalds
2017-11-28,Food,Restaurants,3.28,mcdonalds
2017-11-28,Food,Groceries,30.57,kroger
2017-11-28,Transportation,Gas & Oil,23.25,pilot
2017-11-28,Personal,Gifts (Including Christmas),15.35,amazon
2017-11-28,Recreational,Vacation,-201,Jamie's Dad
2017-11-29,Recreational,Audible,16.37,audible
2017-11-29,Food,Restaurants,4.57,mcdonalds
2017-11-30,Medical / Health,Medications,6.48,UT Student Health
2017-11-30,Food,Restaurants,6.22,oscar's taco shop
2017-11-30,Personal,Pocket Money (Darren),17.47,amazon
2017-12-02,Food,Restaurants,23,Marcos
2017-12-02,Food,Groceries,2.13,Walmart
2017-12-02,Food,Groceries,23.74,Walmart
2017-12-03,Personal,Pocket Money (Jamie),34.24,Amazon
2017-12-03,Food,Restaurants,26.01,hibachi
2017-12-03,Personal,Gifts (Including Christmas),15.35,Amazon
2017-12-03,Food,Restaurants,27.77,mapco express
2017-12-03,Personal,Pocket Money (Jamie),25.82,Amazon
2017-12-04,Utilities,Phone / Mobile,180,Phone
2017-12-04,Food,Groceries,14.18,walmart
2017-12-05,Utilities,Internet,38.83,Comcast
2017-12-05,Utilities,Electricity,65.27,KUB
2017-12-05,Housing,Rent,886,Rent
2017-12-05,Food,Restaurants,12.43,oscars
2017-12-05,Food,Restaurants,13.09,cook out
2017-12-06,Food,Restaurants,3.04,mcdonalds
2017-12-07,Food,Restaurants,15.73,panda campus
2017-12-07,Food,Restaurants,10.12,mcdonalds
2017-12-07,Food,Restaurants,26.39,suttrees
2017-12-08,Food,Groceries,71.85,walmart
2017-12-08,Food,Restaurants,19.02,Chivo
2017-12-08,Personal,Pet Supplies,66.6,animal clinic
2017-12-10,Food,Restaurants,38.77,pelanchos
2017-12-11,Recreational,Audible,16.37,audible
2017-12-11,Food,Restaurants,25.99,china lee
2017-12-12,Personal,Pocket Money (Darren),-15,gigabites
2017-12-13,Food,Restaurants,13.29,mcdonalds
2017-12-13,Food,Restaurants,15.6,subway
2017-12-14,Personal,Pocket Money (Jamie),-160,
2017-12-14,Food,Groceries,38.74,Kroger
2017-12-14,Personal,Gifts (Including Christmas),11.11,Mast Store
2017-12-14,Food,Restaurants,2.93,McDonalds
2017-12-15,Personal,Pocket Money (Darren),-160,
2017-12-15,Recreational,Entertainment,5,atom tickets
2017-12-15,Personal,Pocket Money (Jamie),136.53,off broadway shoes
2017-12-15,Recreational,Entertainment,10.89,atom tickets
2017-12-15,Recreational,Entertainment,17.13,regal cinemas
2017-12-15,Transportation,Gas & Oil,24.8,pilot
2017-12-17,Transportation,Gas & Oil,30,kroger gas
2017-12-17,Transportation,Gas & Oil,-3.74,kroger gas
2017-12-17,Food,Restaurants,1.43,starbucks
2017-12-17,Food,Restaurants,20.31,taco bell
2017-12-18,Food,Groceries,70.04,aldi
2017-12-18,Food,Groceries,17.99,kroger
2017-12-18,Food,Restaurants,7.13,ornl lab cafe
2017-12-19,Personal,Pocket Money (Darren),16.35,barnes and noble
2017-12-19,,,,target
2017-12-19,Personal,Pocket Money (Jamie),27.26,express
2017-12-19,Personal,Pocket Money (Jamie),21.85,charlotte russe
2017-12-19,Personal,Pocket Money (Jamie),40.37,tjmaxx
2017-12-20,Personal,Cosmetics / Hair Care,3.43,salon centric
2017-12-20,,,304.97,ink pixi
2017-12-21,Clothing,Jamie (Clothing),32.26,target
2017-12-21,Food,Groceries,17.33,walmart
2017-12-21,Food,Groceries,23.78,sams club
2017-12-21,Food,Restaurants,75,brazeiros
2017-12-21,Food,Restaurants,55.5,suttrees
2017-12-21,Food,Groceries,16.86,kroger
2017-12-23,Transportation,Gas & Oil,21.52,kroger gas
2017-12-23,Personal,Gifts (Including Christmas),10.58,target
2017-12-23,Personal,Gifts (Including Christmas),23.72,target
2017-12-24,Medical / Health,Medications,7,*amazon med
2017-12-25,Clothing,Jamie (Clothing),69.44,**target
2017-12-26,Personal,Miscellaneous,40.1,**target
2017-12-27,Recreational,Weddings,50,CL Wedding
2017-12-28,Personal,Gifts (Including Christmas),12,massage tip
2017-12-29,Food,Restaurants,2.72,fries
2017-12-30,Personal,Gifts (Including Christmas),300,KT Baby
2017-12-30,Recreational,Vacation,-400,DL Present
2017-12-30,Transportation,Gas & Oil,17.27,Raceway
2017-12-30,Food,Restaurants,12.21,Raceway
2017-12-30,Food,Restaurants,15.57,pelanchos
2017-12-30,Food,Groceries,30.44,walmart
2017-12-30,Personal,Miscellaneous,13.6,usps
2017-12-30,Personal,Pocket Money (Jamie),6.54,tjmaxx
2017-12-30,Personal,Pocket Money (Jamie),37.92,amazon
2017-12-30,Transportation,Gas & Oil,17.57,pilot
2017-12-30,Food,Restaurants,7.51,mcdonalds
2017-12-30,Food,Groceries,15.45,cvs
2017-12-30,Personal,Cosmetics / Hair Care,15.86,salon centric
2017-12-30,Personal,Miscellaneous,25,***
2017-12-30,Recreational,Weddings,7.22,carolina ale house
2017-12-30,Recreational,Weddings,9.61,starbucks hyatt
2017-12-30,Recreational,Weddings,6.48,maple street
2017-12-30,Recreational,Weddings,14.04,maple street
2017-12-30,Food,Groceries,7.98,aldi
2017-12-30,Food,Restaurants,11.72,hyatt bar
2017-12-30,Recreational,Weddings,22.79,menkoi
2017-12-30,Recreational,Weddings,40,sharkey's
2017-12-30,Recreational,Weddings,311.92,hyatt
2017-12-30,Recreational,Weddings,304.48,hyatt
2017-12-30,Transportation,Gas & Oil,28.29,pilot
2017-12-30,Recreational,Weddings,-20,gas money from mig
2017-12-30,Recreational,Vacation,-20,popi's hair
2017-12-30,Recreational,Weddings,-278,hotel from j.dad
2017-12-30,Recreational,Weddings,-25,hotel extra from mig
2017-12-30,Charity,Charity & Offerings,20,
2017-12-30,Transportation,Car Wash,7.11,car wash
2017-12-30,Utilities,Water,60.81,water
2018-01-01,Food,Groceries,18,walmart
2018-01-01,Personal,Books / Supplies,15.37,abebooks
2018-01-02,Housing,Rent,886,rent
2018-01-03,Food,Groceries,115.39,aldi
2018-01-03,Food,Groceries,31.75,walmart
2018-01-03,Food,Groceries,63.06,sams
2018-01-03,Personal,Pocket Money (Darren),43.48,amazon - tool box
2018-01-03,Food,Groceries,13.99,amazon - bento boxes
2018-01-03,Personal,Pocket Money (Darren),6.99,amazon - camel up exp
2018-01-04,Personal,Pocket Money (Jamie),92.63,dsw
2018-01-04,Personal,Miscellaneous,100.97,target
2018-01-04,Personal,Books / Supplies,39.14,amazon
2018-01-04,,,300,check
2018-01-05,Personal,Miscellaneous,0.59,amazon
2018-01-06,Personal,Pocket Money (Jamie),52.96,marshals
2018-01-06,Personal,Pocket Money (Jamie),6.54,marshals
2018-01-06,Food,Restaurants,43.07,smoky mountain
2018-01-07,Personal,Books / Supplies,49,coursera
2018-01-08,Saving,College Fund,824,d.school
2018-01-08,Utilities,Internet,38.83,comcast
2018-01-08,Utilities,Electricity,83.6,kub
2018-01-08,Food,Restaurants,20,pelanchos
2018-01-08,Debts,Jamie's Grandma,450,check - j.grandma
2018-01-09,Saving,College Fund,"3,014.00",j.school
2018-01-10,Saving,College Fund,94,parking pass
2018-01-10,Personal,Books / Supplies,13.45,abebooks
2018-01-10,Personal,Pet Supplies,66.6,cedar bluff animal
2018-01-10,Food,Groceries,37.2,kroger
2018-01-10,Food,Groceries,2.52,kroger
2018-01-10,Food,Restaurants,13.47,copper cellar
2018-01-10,Personal,Books / Supplies,32.02,abebooks
2018-01-11,Personal,Pocket Money (Darren),8.31,armada fleet builder
2018-01-11,Medical / Health,Medications,6.48,student health
2018-01-11,Recreational,Audible,16.37,audible
2018-01-11,Food,Restaurants,1.3,school coffee
2018-01-13,Food,Restaurants,16.23,taco bell
2018-01-13,Food,Restaurants,19.03,waffle house
2018-01-14,Personal,Pocket Money (Jamie),-92.63,dsw
2018-01-14,Personal,Pocket Money (Jamie),37.6,old navy
2018-01-15,Transportation,Gas & Oil,29.49,pilot
2018-01-15,Food,Restaurants,3.82,old city java
2018-01-15,Food,Groceries,88.12,aldi
2018-01-16,Utilities,Water,65.88,water
2018-01-16,Utilities,Water,2.5,water fee
2018-01-17,Debts,Student Loan,600,student loans
2018-01-17,Personal,Books / Supplies,10.99,amazon - mouse
2018-01-17,Personal,Miscellaneous,47.91,amazon - filters
2018-01-17,Personal,Books / Supplies,10.86,amazon - adapter
2018-01-18,Food,Restaurants,3.77,niros gyros
2018-01-19,Recreational,Entertainment,35.94,barnes and noble
2018-01-20,Food,Restaurants,50,makino
2018-01-20,Food,Restaurants,28.41,pelanchos
2018-01-20,Food,Groceries,51.31,middlebrook
2018-01-22,Food,Groceries,6.72,walmart
2018-01-22,Food,Restaurants,5.45,subway
2018-01-23,Food,Groceries,4.04,walmart
2018-01-23,Transportation,Gas & Oil,24.58,pilot
2018-01-23,Transportation,Gas & Oil,26.72,pilot
2018-01-24,Food,Restaurants,4.69,chaiyos
2018-01-24,Food,Restaurants,26.6,pelanchos
2018-01-25,Transportation,Repairs & Tires,41.51,vioc knoxville
2018-01-26,Food,Restaurants,28,Pelanchos
2018-01-28,Food,Restaurants,5,Hannas
2018-01-28,Food,Restaurants,11.12,Cook Out
2018-01-28,Food,Groceries,59.64,Aldi
2018-01-28,Food,Restaurants,57.33,Pelanchos
2018-01-28,Food,Groceries,146.6,Sam's
2018-01-29,Recreational,Entertainment,15.64,Uber
2018-01-29,Recreational,Netflix,66,Keeley
2018-01-30,Food,Restaurants,2.19,McDonalds
2018-01-31,Food,Groceries,13.62,Kroger
2018-02-01,Personal,Pocket Money (Darren),38.24,Sci-fi City**
2018-02-01,Food,Restaurants,30,Pelanchos
2018-02-02,Recreational,Boardgames,60,**
2018-02-02,Saving,College Fund,-94,UTK Deposit
2018-02-02,Housing,Rent,886,Rent
2018-02-02,Personal,Pet Supplies,14.18,Walmart - litter
2018-02-02,Food,Restaurants,26.21,Marcos
2018-02-04,Food,Groceries,17.52,Walmart
2018-02-04,Transportation,Gas & Oil,27.38,Pilot
2018-02-05,Insurance,Auto Insurance,529.7,Geico
2018-02-05,Food,Restaurants,18.11,Zaxby's
2018-02-06,Transportation,Gas & Oil,20,Gas - Pilot
2018-02-06,Utilities,Internet,39.66,Comcast
2018-02-06,Food,Restaurants,10.43,Jai Dee
2018-02-06,Clothing,Jamie (Clothing),50.23,TJ Maxx
2018-02-06,Transportation,License & Taxes,69.7,Knox Clerk - Registration
2018-02-07,Utilities,Electricity,108.9,KUB
2018-02-07,Food,Restaurants,10,Dunkin Donuts
2018-02-08,Transportation,Repairs & Tires,1,Air for tires
2018-02-09,Transportation,Repairs & Tires,16.44,Amazon
2018-02-09,Transportation,Repairs & Tires,142.01,vioc
2018-02-09,Personal,Miscellaneous,28.38,Amazon
2018-02-09,Food,Groceries,18.2,Aldi
2018-02-09,Transportation,Car Wash,6,Super Shine Express
2018-02-09,Food,Restaurants,30,Pelanchos
2018-02-10,Food,Restaurants,10.91,McDonalds
2018-02-10,Food,Groceries,14.67,Kroger
2018-02-11,Recreational,Audible,16.37,Audible
2018-02-11,Personal,Pet Supplies,18.36,Kroger
2018-02-11,Personal,Pocket Money (Jamie),-25.82,Amazon return
2018-02-11,Clothing,Darren (Clothing),69.63,Rack Room Shoes
2018-02-12,Charity,Charity & Offerings,10,Donation for Allie
2018-02-12,Food,Restaurants,1.3,Aramak - coffee
2018-02-12,Charity,Charity & Offerings,20,charity
2018-02-13,Debts,Student Loan,"2,000.00",OSLA
2018-02-13,Food,Groceries,8.91,Walmart
2018-02-13,Food,Groceries,12.19,Sam's
2018-02-13,Transportation,Gas & Oil,23.86,Pilot
2018-02-13,Food,Restaurants,12.43,Oscars
2018-02-14,Food,Restaurants,12.38,Calhouns
2018-02-14,Transportation,Gas & Oil,28.11,Weigels
2018-02-15,Food,Restaurants,30,Pelanchos
2018-02-16,Food,Restaurants,23.32,Chaiyos
2018-02-16,Personal,Cosmetics / Hair Care,157.8,Geo Hair Lab
2018-02-16,Food,Groceries,37.8,Walmart
2018-02-17,Utilities,Water,2.5,West Knox
2018-02-17,Utilities,Water,68.18,West Knox
2018-02-18,Food,Restaurants,1.75,coke
2018-02-18,Food,Restaurants,9.79,Dunkin Donuts
2018-02-18,Personal,Pocket Money (Jamie),82.3,Journeys
2018-02-18,Clothing,Jamie (Clothing),84.15,Banana **
2018-02-18,Personal,Miscellaneous,10.98,Kirklands - mat
2018-02-18,Clothing,Jamie (Clothing),14.8,WHBM
2018-02-19,Clothing,Darren (Clothing),50,**
2018-02-19,Food,Restaurants,15.37,Publix
2018-02-20,Food,Groceries,11.78,Kroger
2018-02-21,Food,Restaurants,23,Pelanchos
2018-02-21,Medical / Health,Medications,10,Walmart - Medicine
2018-02-21,Food,Groceries,13.21,Walmart
2018-02-22,Transportation,Gas & Oil,26.08,Pilot
2018-02-22,Personal,Cosmetics / Hair Care,22.64,Salon Centric
2018-02-22,Food,Restaurants,35.76,Pelanchos
2018-02-22,Personal,Pocket Money (Darren),15.24,Amazon - Gaslands
2018-02-23,Recreational,Entertainment,4.36,Fandango - Black Panther
2018-02-23,Recreational,Entertainment,6.76,AMC - ICEE
2018-02-24,Food,Groceries,66.26,Walmart ***
2018-02-24,Food,Groceries,91.4,Aldi
2018-02-25,Personal,Pet Supplies,12,***
2018-02-25,Food,Restaurants,8.75,Old City Wine
2018-02-25,Food,Restaurants,37.68,Stock and Barrel
2018-02-25,Food,Restaurants,7.14,Pour Taproom
2018-02-25,Charity,Charity & Offerings,8,City Church
2018-02-25,Food,Restaurants,17,Ashton - Suttrees
2018-02-26,Saving,College Fund,-0.32,assorted change
2018-02-27,Transportation,License & Taxes,70.73,Knox Clerk - Registration
2018-02-27,Food,Restaurants,27.94,Stock and Barrel
2018-03-01,Personal,Miscellaneous,40.22,Amazon - kitchen stuff
2018-03-01,Food,Restaurants,30,Pelanchos
2018-03-02,Housing,Rent,886,Rent
2018-03-02,Personal,Gifts (Including Christmas),34.99,Amazon - Cindy birthday
2018-03-02,Personal,Books / Supplies,29.99,Amazon - mousepads
2018-03-03,Food,Groceries,21.81,Sam's Club
2018-03-03,Personal,Pocket Money (Darren),139.89,Sci-fi **
2018-03-03,Food,Restaurants,15.83,Captain D's
2018-03-04,Recreational,Board Games,63.83,**
2018-03-05,Transportation,Gas & Oil,25.47,Kroger
2018-03-05,Food,Groceries,49.51,Aldi
2018-03-05,Personal,Pocket Money (Jamie),8.99,Amazon - J case
2018-03-05,Utilities,Phone / Mobile,180,Phone to Cindy
2018-03-06,Utilities,Internet,39.66,Comcast
2018-03-06,Personal,Books / Supplies,9.54,Amazon - batteries
2018-03-06,Personal,Pocket Money (Jamie),26,Etsy
2018-03-07,Food,Restaurants,10,Dunkin' Donuts
2018-03-08,Utilities,Water,63.96,Knox Utilities
2018-03-08,Food,Restaurants,34.76,Pelanchos
2018-03-09,Food,Restaurants,6.69,Fudgery
2018-03-09,Clothing,Jamie (Clothing),34.01,Banana Republic**
2018-03-10,Clothing,Darren (Clothing),110.95,**
2018-03-10,Food,Groceries,48.48,Aldi
2018-03-10,Food,Groceries,105.34,Walmart**
2018-03-10,Personal,Pet Supplies,15,**
2018-03-11,Clothing,Cleaning/Laundry,32.02,**
2018-03-11,Recreational,Audible,16.37,Audible
2018-03-11,Food,Restaurants,17.58,China Lee
2018-03-12,Food,Groceries,11.7,Walmart
2018-03-12,Food,Restaurants,28,Makino
2018-03-13,Utilities,Electricity,86.66,KUB
2018-03-13,Transportation,Gas & Oil,21.1,Pilot
2018-03-13,Food,Groceries,13.7,Sam's
2018-03-13,Food,Groceries,40.17,Sam's
2018-03-14,Personal,Miscellaneous,50,GA cosmetology
2018-03-14,Personal,Miscellaneous,29.12,Amazon - exercise mat
2018-03-14,Food,Groceries,8.81,Kroger
2018-03-14,Transportation,Gas & Oil,30.12,Pilot
2018-03-14,Personal,Miscellaneous,14.95,Cosmetology
2018-03-14,Personal,Pocket Money (Jamie),16.99,Amazon - J watchband
2018-03-14,Personal,Pet Supplies,68.54,Cedar Bluff Animal
2018-03-15,Personal,Gifts (Including Christmas),292,Jamie's Watch
2018-03-15,Food,Restaurants,30,Pelanchos
2018-03-17,Personal,Miscellaneous,14.19,TJ Maxx - yoga mat
2018-03-17,Transportation,License & Taxes,28,LG Tn
2018-03-17,Transportation,License & Taxes,28,LG Tn
2018-03-17,Recreational,Entertainment,14.46,B&N - Jamie book
2018-03-18,Food,Restaurants,5.45,Subway
2018-03-18,Food,Groceries,25.05,Walmart
2018-03-18,Recreational,Entertainment,31.73,B&N - Darren book
2018-03-18,Food,Restaurants,2.6,McDonalds
2018-03-19,Food,Restaurants,24,Pelanchos
2018-03-22,Food,Restaurants,25,Pelanchos
2018-03-22,Transportation,Gas & Oil,26.78,Pilot
2018-03-23,Personal,Books / Supplies,30.24,Abebooks - Darren
2018-03-24,Food,Groceries,92.17,Aldi
2018-03-24,Food,Groceries,48.97,Walmart
2018-03-24,Food,Groceries,56.75,Sams Club
2018-03-24,Debts,Darren's Mom,-174.31,Reimbursement Blue Gold
2018-03-27,Personal,Miscellaneous,11.03,Amazon - toothbrush ***
2018-03-27,Personal,Books / Supplies,10.94,Amazon - J school book
2018-03-27,Transportation,Gas & Oil,27.47,Pilot
2018-03-28,Personal,Pocket Money (Jamie),10,*** book
2018-03-29,Food,Restaurants,30,Pelanchos
2018-03-29,Personal,Miscellaneous,23.2,Walmart - pots
2018-03-30,Food,Restaurants,1.85,McDonalds
2018-03-30,Debts,Student Loan,"1,225.63",OSLA Student Loan
2018-03-30,Personal,Pocket Money (Jamie),-90,Jamie's Fitbit
2018-03-30,Medical / Health,Health Savings Plan,3,Parking
2018-03-31,Personal,Cosmetics / Hair Care,115.8,Geo Hair Lab
2018-04-02,Debts,Darren's Mom,174.31,Blue Gold for D mom
2018-04-02,Housing,Rent,886,rent
2018-04-02,Food,Restaurants,32,Pelanchos
2018-04-03,Transportation,Gas & Oil,27.63,Pilot
2018-04-04,Food,Restaurants,15.83,Captain D's
2018-04-04,Food,Groceries,3.55,Walmart *
2018-04-05,Personal,Pet Supplies,13,* litter
2018-04-05,Debts,Jamie's Grandma,900,Feb/March payment
2018-04-05,Personal,Miscellaneous,25.13,Amazon **
2018-04-06,Medical / Health,Medications,7,** lysine
2018-04-06,Utilities,Internet,39.66,Comcast
2018-04-06,Medical / Health,Health Savings Plan,47.53,UTK health - J tests
2018-04-07,Food,Groceries,28.69,walmart
2018-04-07,Food,Groceries,21.81,aldi
2018-04-07,Food,Groceries,41.23,Sam's Club
2018-04-07,Food,Groceries,10,walmart
2018-04-08,Food,Restaurants,3.6,mcdonalds
2018-04-08,Transportation,Gas & Oil,26.51,pilot
2018-04-08,Personal,Miscellaneous,1.88,DC - exxon
2018-04-08,Personal,Miscellaneous,7.31,DC - subway
2018-04-09,Personal,Miscellaneous,10,DC - metro
2018-04-09,Personal,Miscellaneous,10.39,DC - Rayburn Cafe
2018-04-09,Personal,Miscellaneous,4.61,DC - exxon
2018-04-09,Food,Restaurants,19.17,Kroger
2018-04-09,Personal,Miscellaneous,184,DC - Hilton
2018-04-10,Utilities,Electricity,74.25,KUB
2018-04-11,Recreational,Audible,16.37,audible
2018-04-11,Food,Restaurants,29.83,pelanchos
2018-04-12,Personal,Pocket Money (Darren),50,CSI ***
2018-04-13,Recreational,Board Games,50,***
2018-04-13,Food,Restaurants,37,Asia Kitchen
2018-04-14,Personal,Pocket Money (Jamie),15.99,***
2018-04-14,Personal,Books / Supplies,10.99,udemy - J class
2018-04-14,Food,Groceries,51.01,aldi
2018-04-14,Food,Groceries,68.67,Sam's Club
2018-04-14,Food,Groceries,89.01,walmart
2018-04-15,Food,Restaurants,14.16,cook out
2018-04-16,Personal,Miscellaneous,5.9,Lyft
2018-04-16,Food,Restaurants,30,pelanchos
2018-04-17,Personal,Miscellaneous,6.23,Lyft - paypal
2018-04-17,Transportation,Gas & Oil,29.52,Pilot
2018-04-18,Transportation,Repairs & Tires,1,air for tires 2011
2018-04-18,Transportation,Gas & Oil,26.45,Pilot
2018-04-18,Utilities,Water,73.85,Sedc Ga
2018-04-18,Personal,Pocket Money (Jamie),96.01,TJ Maxx
2018-04-19,Personal,Miscellaneous,-184.6,Hotel
2018-04-21,Personal,Gifts (Including Christmas),437.01,Banjo - guitar center
2018-04-21,Personal,Miscellaneous,98.3,TJ Maxx
2018-04-21,Personal,Pocket Money (Darren),3.89,Target - Groot
2018-04-22,Food,Restaurants,48,Pelanchos
2018-04-23,,,-0.12,Paypal Verification
2018-04-23,,,-0.2,Paypal Verification
2018-04-23,,,0.32,Paypal Verification
2018-04-23,Food,Groceries,26.75,Kroger
2018-04-24,Clothing,Jamie (Clothing),57.36,Victoria Secret
2018-04-24,Recreational,Board Games,89.06,Amazon - Boardgames
2018-04-24,Recreational,Vacation,298.4,Delta - Christmas
2018-04-24,Recreational,Vacation,298.4,Delta - Christmas
2018-04-25,Personal,Miscellaneous,-2.96,Lyft Payout
2018-04-25,Food,Restaurants,21,Gourmets Market
2018-04-27,Saving,College Fund,100,Student Fees
2018-04-27,Saving,College Fund,1,Student Fees
2018-04-28,Recreational,Entertainment,16.36,AMC - Avengers
2018-04-28,Food,Restaurants,17.13,Walmart
2018-04-28,Transportation,Gas & Oil,27.19,Pilot
2018-04-28,Recreational,Entertainment,15.5,AMC
2018-04-30,Personal,Pocket Money (Jamie),-100,Paypal
2018-04-30,Food,Groceries,38.86,Aldi
2018-04-30,Food,Groceries,70.93,Aldi
2018-04-30,Food,Restaurants,12,KFC
2018-04-30,Food,Groceries,16.25,Kroger
2018-04-30,Food,Restaurants,15,J - food
2018-05-01,Personal,Pocket Money (Darren),-200,Paypal - swagbucks
2018-05-02,Food,Restaurants,50,Jamie?
2018-05-02,Housing,Rent,886,Rent
2018-05-02,Personal,Gifts (Including Christmas),58.43,Coolstuffinc *
2018-05-03,Recreational,Board Games,50.31,*
2018-05-03,Debts,Student Loan,500,Osla Student Ln
2018-05-03,Saving,College Fund,30,Withdrawal Student Fees
2018-05-03,Saving,College Fund,2.06,Amazon web services
2018-05-03,Clothing,Jamie (Clothing),44.75,TJ Maxx
2018-05-03,Food,Groceries,15.39,Walmart
2018-05-03,Food,Groceries,5.45,Trader Joe's
2018-05-03,Transportation,Gas & Oil,31.53,Pilot
2018-05-04,Utilities,Water,55.18,Check 1447
2018-05-04,Food,Groceries,20.75,Kroger
2018-05-04,Food,Groceries,12.39,Aldi
2018-05-04,Food,Restaurants,92.79,Melting Pot
2018-05-05,Food,Restaurants,1,Mast Knoxville
2018-05-05,Personal,Pocket Money (Darren),13,Kickstarter
2018-05-06,Food,Restaurants,26.7,Pour Taproom
2018-05-07,Utilities,Internet,39.66,Comcast
2018-05-07,Personal,Pocket Money (Jamie),-40,Birthday from G.Pat
2018-05-07,Medical / Health,Health Savings Plan,69.24,Check 1448
2018-05-07,Personal,Pocket Money (Jamie),38.54,Amazon - wax
2018-05-07,Food,Restaurants,11.5,Cool beans
2018-05-08,Utilities,Electricity,75.88,KUB
2018-05-08,Food,Restaurants,19.46,Kroger
2018-05-09,Personal,Pocket Money (Jamie),-200,Birthday from D&L
2018-05-09,Personal,Pocket Money (Jamie),-50,J.Spears **
2018-05-09,Food,Restaurants,5.25,The Soup Kitchen
2018-05-09,Food,Restaurants,23.73,Hacienda Degollado
2018-05-10,Personal,Pocket Money (Darren),-50,**
2018-05-10,Personal,Pocket Money (Darren),12.49,Amazon - picks
2018-05-10,Personal,Pocket Money (Darren),13.99,Amazon - strings
2018-05-10,Personal,Pocket Money (Darren),7.82,Amazon - kingkiller
2018-05-10,Personal,Pet Supplies,68.54,Cedar Bluff Animal - meds
2018-05-11,Recreational,Audible,16.37,Audible
2018-05-11,Saving,College Fund,87,Summer Fees
2018-05-11,Personal,Gifts (Including Christmas),6.6,Postable.com
2018-05-12,Food,Restaurants,11.65,Chick-Fil-A
2018-05-12,Personal,Gifts (Including Christmas),11.91,Flowers for Kim
2018-05-12,Food,Restaurants,36.19,Pour
2018-05-12,Food,Restaurants,5.35,Little Ceasars
2018-05-12,Transportation,Gas & Oil,29.3,RaceTrac
2018-05-12,Food,Restaurants,50.99,Briar Patch Restaurant
2018-05-13,Personal,Pocket Money (Jamie),52.41,Amazon - Charge cables and base
2018-05-13,Food,Groceries,148.74,Kroger
2018-05-13,Food,Groceries,61.19,Aldi
2018-05-13,Food,Restaurants,54.36,KFC
2018-05-13,Food,Restaurants,-15,family
2018-05-13,Food,Groceries,-5.42,Cash back - kroger
2018-05-14,Personal,Pet Supplies,24.28,Walmart
2018-05-14,Transportation,Gas & Oil,30.72,Pilot
2018-05-14,Transportation,Gas & Oil,26.57,Pilot
2018-05-14,Recreational,Vacation,16.38,Walgreens - picture
2018-05-15,Food,Restaurants,26.33,Pelanchos
2018-05-17,Recreational,Vacation,4.87,J - Passport
2018-05-17,Recreational,Vacation,50,D - Passport
2018-05-18,Food,Restaurants,26.62,Cherokee Street Food
2018-05-18,Food,Restaurants,34.58,Pelanchos
2018-05-18,Personal,Cosmetics / Hair Care,80,Brazilian Wax
2018-05-19,Food,Restaurants,26,Spring Creek Tavern
2018-05-19,Recreational,Entertainment,5.82,Bluff Mountain Outfitters
2018-05-19,Food,Groceries,34.91,Trader Joe's
2018-05-20,Food,Groceries,89.38,Kroger
2018-05-20,Transportation,Gas & Oil,30.77,Kroger
2018-05-22,Recreational,Vacation,110,Passport Services
2018-05-22,Personal,Pocket Money (Jamie),199.79,Amazon
2018-05-22,Personal,Pocket Money (Jamie),10.45,Amazon - Fretless Finger Guide
2018-05-23,Recreational,Weddings,30,Hannah Bach. Party
2018-05-23,Recreational,Vacation,110,Passport Services
2018-05-23,Personal,Pocket Money (Darren),101.09,Miniature Market
2018-05-23,Personal,Pocket Money (Darren),11.99,Amazon - Mandolin Strings
2018-05-23,Food,Restaurants,35.38,Pelanchos
2018-05-23,Clothing,Jamie (Clothing),32.75,TJ Maxx
2018-05-23,Personal,Pocket Money (Jamie),17.99,Amazon - Violin Book ***
2018-05-23,Personal,Miscellaneous,108.16,Beachbody
2018-05-24,Personal,Subscriptions (Amazon),53.66,Amazon - Prime
2018-05-25,Personal,Miscellaneous,26.2,*** Power strips
2018-05-25,Food,Restaurants,25.7,Chaiyos
2018-05-25,Transportation,Gas & Oil,31.43,Pilot
2018-05-25,Medical / Health,Medications,20,Ut Student Health - J
2018-05-25,Personal,Pocket Money (Darren),11.3,Amazon - Journal 29
2018-05-26,Food,Groceries,86.68,Sam's
2018-05-26,Food,Groceries,62.73,Trader Joe's
2018-05-26,Personal,Cosmetics / Hair Care,16.38,Saloncentric - hairspray
2018-05-26,Food,Groceries,54.24,Aldi
2018-05-26,Charity,Charity & Offerings,5,
2018-05-27,Clothing,Darren (Clothing),31.32,Banana
2018-05-27,Personal,Miscellaneous,3.83,Corning - baking pans
2018-05-27,Clothing,Darren (Clothing),3.68,Banana
2018-05-27,Personal,Miscellaneous,9.87,Kitchen Collection
2018-05-30,Transportation,Gas & Oil,34.47,Pilot
2018-05-30,Personal,Miscellaneous,84.43,Amazon - bread machine
2018-05-30,Food,Restaurants,36.86,Pelanchos
2018-06-02,Food,Groceries,6,FM - Honey Creek Farms
2018-06-02,Food,Groceries,26.33,* Walmart
2018-06-02,Food,Groceries,10,FM - All Sum Foods
2018-06-02,Food,Groceries,4.25,FM - Jonathon Mixon
2018-06-02,Food,Groceries,28.32,Aldi
2018-06-02,Clothing,Jamie (Clothing),1.1,Planet Xchange
2018-06-02,Personal,Pocket Money (Darren),4.36,iTunes - tuner
2018-06-02,,,34.7,Academy Sports
2018-06-02,Food,Groceries,5.46,FM - Oliver Family
2018-06-03,Personal,Pocket Money (Darren),33.86,Amazon - paints
2018-06-04,Housing,Rent,886,Rent
2018-06-05,Utilities,Electricity,76.93,KUB
2018-06-05,Debts,Student Loan,500,OSLA
2018-06-06,Personal,Pet Supplies,12,* litter
2018-06-06,Utilities,Internet,49.82,Comcast
2018-06-06,Food,Restaurants,31,Pelanchos
2018-06-08,Food,Restaurants,15.29,Marcos
2018-06-09,Food,Groceries,57.05,Trader Joe's
2018-06-09,Food,Groceries,44.88,Aldi
2018-06-09,Clothing,Jamie (Clothing),26.19,Academy Sports
2018-06-09,Personal,Miscellaneous,181.3,** Walmart
2018-06-11,Personal,Miscellaneous,54.44,Target
2018-06-11,Recreational,Audible,16.37,Audible
2018-06-11,Food,Restaurants,16.96,Phoenix Pharmacy
2018-06-12,Food,Restaurants,18.23,Wok N Roll
2018-06-12,Transportation,Gas & Oil,27.96,Pilot
2018-06-13,Recreational,Board Games,50,*** McGuire
2018-06-13,Transportation,Gas & Oil,31.78,Pilot
2018-06-14,Recreational,Entertainment,15.3,***
2018-06-14,Food,Restaurants,24.63,Pelanchos
2018-06-14,,,174.31,Adjustment Deposit
2018-06-16,Food,Groceries,36.07,Walmart
2018-06-16,Food,Groceries,34.21,Trader Joe's
2018-06-16,Food,Groceries,38.17,Aldi
2018-06-19,Utilities,Water,66.06,West Knox
2018-06-20,Food,Restaurants,21,Asia Kitchen
2018-06-22,Food,Groceries,39.51,Kroger
2018-06-22,Transportation,Gas & Oil,27.84,Pilot
2018-06-24,Food,Restaurants,47,Pelanchos
2018-06-24,Personal,Miscellaneous,20,BART - EBSS
2018-06-24,Personal,Miscellaneous,9.94,Bojangles - EBSS
2018-06-24,Personal,Miscellaneous,25.2,Jupiter - EBSS
2018-06-24,Food,Restaurants,16,Tap House
2018-06-24,Personal,Miscellaneous,-4,Joe - EBSS
2018-06-25,Food,Restaurants,2.85,Peet's
2018-06-25,Food,Restaurants,11.92,Subway
2018-06-26,Food,Restaurants,8,Jupiter
2018-06-26,Food,Groceries,15.35,Trader Joe's
2018-06-27,Transportation,Gas & Oil,32.08,Pilot
2018-06-27,Food,Restaurants,9,Pappy's
2018-06-27,Personal,Pocket Money (Darren),1,Secret Cabal
2018-06-28,Food,Restaurants,13.45,The Soup Kitchen
2018-06-28,Personal,Pocket Money (Darren),4.36,iTunes - The Room 3
2018-06-29,,,-174.31,Blue Gold Deposit
2018-06-29,Food,Restaurants,0.5,Soda - Jamie
2018-06-29,Food,Restaurants,33,Triple Rock
2018-06-29,Food,Restaurants,1.75,Chinatown Bakery
2018-06-29,Transportation,Gas & Oil,9,BART
2018-06-29,Recreational,Weddings,152.9,David's Bridal
2018-06-29,Food,Groceries,15.24,Walmart
2018-06-29,Personal,Miscellaneous,40,Lark Creek Grill - ebss
2018-06-29,Food,Restaurants,2.19,McDonalds
2018-06-29,Personal,Gifts (Including Christmas),45.68,Tai Nam Yang - Chinatown
2018-06-29,Food,Groceries,11.1,Trader Joe's
2018-06-30,Food,Groceries,15.01,Kroger
2018-06-30,Personal,Pocket Money (Jamie),14.95,Amazon - J book
2018-06-30,Personal,Miscellaneous,174.78,Rooms To Go
2018-06-30,Food,Restaurants,26.72,Tenn Tap House
2018-06-30,Personal,Miscellaneous,204.63,Home Depot
2018-06-30,Food,Groceries,32.16,Walmart
